Cycle Nr.,1,2,3,4,5,6,7,8,9,10,11,12,13,14,15,16,17,18,19,20,21,22,23,24,25,26,27,28,29,30,31,32,33,34,35,36,37,38,39,40,41,42,43,44,45,46,47,48,49,50,51,52,53,54,55,56,57,58,59,60,61,62,63,64,65,66,67,68,69,70,71,72,73,74,75,76,77,78,79,80,81,82,83,84,85,86,87,88,89,90,91,92,93,94,95,96,97,98,99,100,101,102,103,104,105,106,107,108,109,110,111,112,113,114,115,116,117,118,119,120,121,122,123,124,125,126,127,128,129,130,131,132,133,134,135,136,137,138,139,140,141,142,143,144,145,146,147,148,149,150,151,152,153,154,155,156,157,158,159,160,161,162,163,164,165,166,167,168,169,170,171,172,173,174,175,176,177,178,179,180,181,182,183,184,185,186,187,188,189,190,191,192,193,194,195,196,197,198,199,200
Time [s],0,1136.9,2273.7,3410.5,4547.4,5684.2,6821,7957.8,9094.6,10231.5,11368.3,12505.1,13641.9,14778.7,15915.5,17052.4,18189.2,19326,20462.8,21599.7,22736.5,23873.3,25010.1,26146.9,27283.8,28420.6,29557.4,30694.2,31831.1,32967.9,34104.7,35241.5,36378.3,37515.6,38652,39788.8,40925.6,42062.5,43199.3,44336.1,45472.9,46609.7,47746.6,48883.4,50020.2,51157,52293.8,53430.7,54567.5,55704.3,56841.1,57978,,,,,,,,,,,,,,,,,,,,,,,,,,,,,,,,,,,,,,,,,,,,,,,,,,,,,,,,,,,,,,,,,,,,,,,,,,,,,,,,,,,,,,,,,,,,,,,,,,,,,,,,,,,,,,,,,,,,,,,,,,,,,,,,,,,,,,,,,,,,,,,,,,,,
Temp. [Â°C],37.2,37.4,37.3,37.3,36.9,37,37.3,36.9,37.3,36.6,37.3,37.2,37.1,37.3,37.1,37,37,37.1,37.1,37.2,37.2,37.2,37.1,36.9,37.2,37.2,37.3,37.2,37.2,37.2,37.2,37.3,37.1,37.3,37.1,37.2,37.2,37.3,37.2,37.3,37.1,37,37.1,37.1,37.2,37.1,37.2,37.2,37.1,36.9,37,37.2,,,,,,,,,,,,,,,,,,,,,,,,,,,,,,,,,,,,,,,,,,,,,,,,,,,,,,,,,,,,,,,,,,,,,,,,,,,,,,,,,,,,,,,,,,,,,,,,,,,,,,,,,,,,,,,,,,,,,,,,,,,,,,,,,,,,,,,,,,,,,,,,,,,,
A1,0.1128000021,0.1164000034,0.1221000031,0.1315000057,0.1450999975,0.1639000028,0.1841000021,0.2084999979,0.2298000008,0.2556000054,0.2852999866,0.3219999969,0.3601000011,0.4032999873,0.4372999966,0.4683000147,0.5004000068,0.5267000198,0.5415999889,0.5591999888,0.5728999972,0.5834000111,0.5936999917,0.6140999794,0.6169000268,0.6161000133,0.6126999855,0.611100018,0.6075000167,0.6055999994,0.6019999981,0.5997999907,0.5970000029,0.5957000256,0.5928000212,0.5903999805,0.5888000131,0.5853000283,0.5832999945,0.5824000239,0.5802999735,0.5770000219,0.5769000053,0.5748000145,0.5726000071,0.570299983,0.567900002,0.5652999878,0.5622000098,0.559499979,0.5569999814,0.5544999838,,,,,,,,,,,,,,,,,,,,,,,,,,,,,,,,,,,,,,,,,,,,,,,,,,,,,,,,,,,,,,,,,,,,,,,,,,,,,,,,,,,,,,,,,,,,,,,,,,,,,,,,,,,,,,,,,,,,,,,,,,,,,,,,,,,,,,,,,,,,,,,,,,,,
A2,0.1118000001,0.1150999963,0.126000002,0.1404999942,0.1464000046,0.169599995,0.1900999993,0.2171999961,0.2396000028,0.2666999996,0.2939999998,0.33950001,0.3761999905,0.4203000069,0.457100004,0.4846000075,0.5141000152,0.5404000282,0.5584999919,0.5748999715,0.5935999751,0.6021000147,0.6122999787,0.6227999926,0.6420999765,0.646600008,0.6511999965,0.6421999931,0.6406000257,0.6374999881,0.6345999837,0.6323000193,0.6297000051,0.6284999847,0.6251000166,0.6230999827,0.6201999784,0.6183000207,0.6169000268,0.6144999862,0.6123999953,0.6096000075,0.6082999706,0.6069999933,0.6046000123,0.6015999913,0.5999000072,0.5967000127,0.5932000279,0.5911999941,0.5884000063,0.584100008,,,,,,,,,,,,,,,,,,,,,,,,,,,,,,,,,,,,,,,,,,,,,,,,,,,,,,,,,,,,,,,,,,,,,,,,,,,,,,,,,,,,,,,,,,,,,,,,,,,,,,,,,,,,,,,,,,,,,,,,,,,,,,,,,,,,,,,,,,,,,,,,,,,,
A3,0.1186000034,0.118900001,0.1242000014,0.1334999949,0.1466999948,0.1661999971,0.1879999936,0.2144999951,0.2373999953,0.2727000117,0.3005000055,0.3416999876,0.3824000061,0.4280999899,0.4866999984,0.4963000119,0.52700001,0.5518000126,0.5673000216,0.5816000104,0.5963000059,0.605700016,0.6143000126,0.6233999729,0.6438000202,0.6491000056,0.646600008,0.6448000073,0.6439999938,0.6399999857,0.6389999986,0.6345000267,0.6322000027,0.6305000186,0.627300024,0.6263999939,0.6237999797,0.6220999956,0.6205000281,0.6183999777,0.617299974,0.6130999923,0.6108000278,0.6110000014,0.6072999835,0.6047000289,0.6036000252,0.5996000171,0.5985999703,0.5950000286,0.5953000188,0.5914000273,,,,,,,,,,,,,,,,,,,,,,,,,,,,,,,,,,,,,,,,,,,,,,,,,,,,,,,,,,,,,,,,,,,,,,,,,,,,,,,,,,,,,,,,,,,,,,,,,,,,,,,,,,,,,,,,,,,,,,,,,,,,,,,,,,,,,,,,,,,,,,,,,,,,
A4,0.121299997,0.1208999977,0.1251000017,0.1338,0.1469999999,0.1670999974,0.1870000064,0.2126999944,0.2348999977,0.2624999881,0.2946999967,0.3343000114,0.3759999871,0.4192000031,0.4535000026,0.484100014,0.5124999881,0.5375999808,0.5550000072,0.5710999966,0.5886999965,0.6000000238,0.6089000106,0.6202999949,0.6394000053,0.6467000246,0.6445999742,0.6427999735,0.6403999925,0.638199985,0.635800004,0.6328999996,0.6308000088,0.6294000149,0.6276000142,0.6258999705,0.6233999729,0.621999979,0.6202999949,0.6183999777,0.6173999906,0.6146000028,0.6126999855,0.6115999818,0.6090000272,0.6065999866,0.6047999859,0.6015999913,0.6000999808,0.5968000293,0.594900012,0.5921000242,,,,,,,,,,,,,,,,,,,,,,,,,,,,,,,,,,,,,,,,,,,,,,,,,,,,,,,,,,,,,,,,,,,,,,,,,,,,,,,,,,,,,,,,,,,,,,,,,,,,,,,,,,,,,,,,,,,,,,,,,,,,,,,,,,,,,,,,,,,,,,,,,,,,
A5,0.1130999997,0.1172999963,0.1247000024,0.1342000067,0.1485999972,0.1683000028,0.1908999979,0.2170999944,0.2378000021,0.2666000128,0.3005999923,0.3411999941,0.3853000104,0.4219000041,0.4496000111,0.4796999991,0.5099999905,0.5310999751,0.5485000014,0.5656999946,0.5773000121,0.5868999958,0.6014999747,0.617200017,0.6193000078,0.6197000146,0.6168000102,0.6155999899,0.6136000156,0.611100018,0.6089000106,0.6067000031,0.6043999791,0.6022999883,0.5996000171,0.5974000096,0.5953000188,0.5936999917,0.5917000175,0.5898000002,0.5873000026,0.5853999853,0.5835000277,0.5809999704,0.5781999826,0.575600028,0.5728999972,0.5703999996,0.5677000284,0.5644999743,0.5619000196,0.5587000251,,,,,,,,,,,,,,,,,,,,,,,,,,,,,,,,,,,,,,,,,,,,,,,,,,,,,,,,,,,,,,,,,,,,,,,,,,,,,,,,,,,,,,,,,,,,,,,,,,,,,,,,,,,,,,,,,,,,,,,,,,,,,,,,,,,,,,,,,,,,,,,,,,,,
A6,0.1111000031,0.1143999994,0.1221999973,0.132100001,0.1465000063,0.1692000031,0.1921000034,0.2145999968,0.2348999977,0.2632000148,0.2987999916,0.3386000097,0.3819000125,0.4167000055,0.4444000125,0.4724000096,0.4993000031,0.5213000178,0.5363000035,0.5518000126,0.5636000037,0.5742999911,0.581700027,0.5906000137,0.6054000258,0.6078000069,0.6047999859,0.6025000215,0.5997999907,0.597299993,0.5932999849,0.5899000168,0.586499989,0.5834000111,0.5799999833,0.576399982,0.5730000138,0.5695999861,0.5662000179,0.5620999932,0.5588999987,0.5550000072,0.5511000156,0.5483000278,0.5436000228,0.5389999747,0.5346000195,0.5309000015,0.5267000198,0.5214999914,0.516900003,0.5123999715,,,,,,,,,,,,,,,,,,,,,,,,,,,,,,,,,,,,,,,,,,,,,,,,,,,,,,,,,,,,,,,,,,,,,,,,,,,,,,,,,,,,,,,,,,,,,,,,,,,,,,,,,,,,,,,,,,,,,,,,,,,,,,,,,,,,,,,,,,,,,,,,,,,,
A7,0.1177999973,0.1221000031,0.1312000006,0.1468999982,0.1583999991,0.1789000034,0.2021999955,0.2289000005,0.2513999939,0.2786000073,0.3100999892,0.3488999903,0.3889999986,0.4214000106,0.4521999955,0.4781999886,0.5105999708,0.5389000177,0.5557000041,0.5730999708,0.5878000259,0.5975999832,0.6097000241,0.627300024,0.6377999783,0.6363000274,0.633400023,0.6317999959,0.6312000155,0.6287999749,0.6261000037,0.6233000159,0.6209999919,0.6202999949,0.6175000072,0.6155999899,0.6122999787,0.6116999984,0.608799994,0.6065000296,0.6050000191,0.6022999883,0.5996000171,0.59799999,0.5953999758,0.5927000046,0.5900999904,0.5873000026,0.5842999816,0.5813999772,0.5778999925,0.5751000047,,,,,,,,,,,,,,,,,,,,,,,,,,,,,,,,,,,,,,,,,,,,,,,,,,,,,,,,,,,,,,,,,,,,,,,,,,,,,,,,,,,,,,,,,,,,,,,,,,,,,,,,,,,,,,,,,,,,,,,,,,,,,,,,,,,,,,,,,,,,,,,,,,,,
A8,0.1150999963,0.1220000014,0.1289999932,0.1377000064,0.1533000022,0.1790000051,0.1970999986,0.2260999978,0.2441000044,0.274300009,0.2969999909,0.3237000108,0.3553000093,0.3806000054,0.4005999863,0.4194000065,0.4408000112,0.4589000046,0.4718999863,0.4810000062,0.4878000021,0.4938000143,0.5008000135,0.5095000267,0.5152999759,0.5205000043,0.5252000093,0.5248000026,0.5267000198,0.5275999904,0.5275999904,0.5271999836,0.52700001,0.5257999897,0.5253999829,0.5242000222,0.5231999755,0.522300005,0.521600008,0.5196999907,0.5198000073,0.5195999742,0.5182999969,0.5173000097,0.5159999728,0.5137000084,0.5126000047,0.5109999776,0.5092999935,0.5073999763,0.5059000254,0.5048000216,,,,,,,,,,,,,,,,,,,,,,,,,,,,,,,,,,,,,,,,,,,,,,,,,,,,,,,,,,,,,,,,,,,,,,,,,,,,,,,,,,,,,,,,,,,,,,,,,,,,,,,,,,,,,,,,,,,,,,,,,,,,,,,,,,,,,,,,,,,,,,,,,,,,
A9,0.1080000028,0.1120999977,0.1207000017,0.1318999976,0.1485999972,0.1703999937,0.1942999959,0.2190999985,0.2414000034,0.2707000077,0.3050999939,0.3443000019,0.3874000013,0.4210000038,0.4481000006,0.4760999978,0.5013999939,0.5210000277,0.5370000005,0.5529999733,0.5636000037,0.5727000237,0.5781999826,0.5857999921,0.5992000103,0.6021999717,0.6000999808,0.5971000195,0.5938000083,0.5903000236,0.5859000087,0.581700027,0.5781999826,0.5737000108,0.5697000027,0.5661000013,0.5616000295,0.5582000017,0.55400002,0.5497999787,0.5458999872,0.5417000055,0.5383999944,0.5339000225,0.5299999714,0.5250999928,0.5205000043,0.5156999826,0.510800004,0.5062000155,0.5002999902,0.4954999983,,,,,,,,,,,,,,,,,,,,,,,,,,,,,,,,,,,,,,,,,,,,,,,,,,,,,,,,,,,,,,,,,,,,,,,,,,,,,,,,,,,,,,,,,,,,,,,,,,,,,,,,,,,,,,,,,,,,,,,,,,,,,,,,,,,,,,,,,,,,,,,,,,,,
A10,0.1171000004,0.120099999,0.1298999935,0.1413999945,0.1572999954,0.180399999,0.2052000016,0.2317000031,0.2542000115,0.2863000035,0.3197999895,0.3565999866,0.3934000134,0.421299994,0.4478000104,0.4717999995,0.4966000021,0.5231000185,0.5428000093,0.5615000129,0.5789999962,0.5909000039,0.6042000055,0.6204000115,0.6287999749,0.6297000051,0.6276999712,0.6255000234,0.6234999895,0.6205999851,0.61650002,0.6132000089,0.6097999811,0.6062999964,0.6025000215,0.5993999839,0.5954999924,0.5921000242,0.5886999965,0.5845000148,0.5819000006,0.5778999925,0.5745999813,0.5713000298,0.5674999952,0.5623000264,0.5587000251,0.554799974,0.5508999825,0.5461000204,0.540899992,0.5367000103,,,,,,,,,,,,,,,,,,,,,,,,,,,,,,,,,,,,,,,,,,,,,,,,,,,,,,,,,,,,,,,,,,,,,,,,,,,,,,,,,,,,,,,,,,,,,,,,,,,,,,,,,,,,,,,,,,,,,,,,,,,,,,,,,,,,,,,,,,,,,,,,,,,,
A11,0.1090999991,0.1140000001,0.1230999976,0.1352999955,0.1536999941,0.1781000048,0.2043000013,0.2286999971,0.2536999881,0.2851999998,0.3195999861,0.3578999937,0.3989000022,0.4295000136,0.4575999975,0.4866999984,0.5170999765,0.5443999767,0.5622000098,0.5824999809,0.5950000286,0.6044999957,0.6158999801,0.6331999898,0.6391999722,0.6395000219,0.6367999911,0.6351000071,0.6326000094,0.6298000216,0.6269000173,0.6234999895,0.6204000115,0.617299974,0.614199996,0.6107000113,0.6074000001,0.6046000123,0.6017000079,0.5971999764,0.5945000052,0.5909000039,0.5878000259,0.5845999718,0.5807999969,0.5766000152,0.5727999806,0.5695000291,0.5647000074,0.5605000257,0.5561000109,0.5519999862,,,,,,,,,,,,,,,,,,,,,,,,,,,,,,,,,,,,,,,,,,,,,,,,,,,,,,,,,,,,,,,,,,,,,,,,,,,,,,,,,,,,,,,,,,,,,,,,,,,,,,,,,,,,,,,,,,,,,,,,,,,,,,,,,,,,,,,,,,,,,,,,,,,,
A12,0.1076000035,0.113499999,0.121799998,0.136500001,0.1553999931,0.1790000051,0.2062000036,0.2290000021,0.2540999949,0.2856000066,0.3172999918,0.3517999947,0.3871000111,0.4138000011,0.4401000142,0.465200007,0.4930999875,0.5236999989,0.5410000086,0.5618000031,0.5795999765,0.5911999941,0.6007999778,0.6129999757,0.6284000278,0.6331999898,0.6322000027,0.6305999756,0.6291000247,0.6263999939,0.6227999926,0.6200000048,0.617200017,0.614199996,0.6108000278,0.6078000069,0.6047000289,0.6014000177,0.5981000066,0.5945000052,0.5916000009,0.5881999731,0.5852000117,0.581700027,0.578700006,0.5744000077,0.5705999732,0.5674999952,0.5637000203,0.559499979,0.5546000004,0.550999999,,,,,,,,,,,,,,,,,,,,,,,,,,,,,,,,,,,,,,,,,,,,,,,,,,,,,,,,,,,,,,,,,,,,,,,,,,,,,,,,,,,,,,,,,,,,,,,,,,,,,,,,,,,,,,,,,,,,,,,,,,,,,,,,,,,,,,,,,,,,,,,,,,,,
B1,0.1158000007,0.1187999994,0.1235999987,0.1316000074,0.1438000053,0.1615999937,0.181099996,0.2040999979,0.2261999995,0.2506999969,0.2816999853,0.3186999857,0.3567000031,0.3977999985,0.4309999943,0.4618999958,0.4900999963,0.5178999901,0.5351999998,0.5519000292,0.5676000118,0.5770999789,0.5881000161,0.6097999811,0.6186000109,0.6186000109,0.6164000034,0.6143000126,0.6115999818,0.6075999737,0.6054000258,0.6025000215,0.5997999907,0.5976999998,0.5947999954,0.5928000212,0.5906000137,0.5885999799,0.586499989,0.5845000148,0.5823000073,0.5800999999,0.5778999925,0.575600028,0.5734000206,0.57099998,0.567900002,0.565500021,0.5630999804,0.560100019,0.5568000078,0.5541999936,,,,,,,,,,,,,,,,,,,,,,,,,,,,,,,,,,,,,,,,,,,,,,,,,,,,,,,,,,,,,,,,,,,,,,,,,,,,,,,,,,,,,,,,,,,,,,,,,,,,,,,,,,,,,,,,,,,,,,,,,,,,,,,,,,,,,,,,,,,,,,,,,,,,
B2,0.110799998,0.1137999967,0.119099997,0.1280000061,0.141900003,0.1613000035,0.1826999933,0.2064999938,0.231099993,0.2561999857,0.2861999869,0.3217000067,0.3582000136,0.396600008,0.4264999926,0.4440999925,0.4620000124,0.4751000106,0.4866000116,0.4966999888,0.5048999786,0.5130000114,0.5217999816,0.5335999727,0.5496000051,0.5588999987,0.5626000166,0.564899981,0.5669999719,0.5694000125,0.5713000298,0.5720999837,0.5748000145,0.5755000114,0.5759000182,0.5769000053,0.5778999925,0.5802000165,0.5814999938,0.5832999945,0.5860000253,0.5867999792,0.5878000259,0.5893999934,0.5906999707,0.5910000205,0.591899991,0.5934000015,0.6025999784,0.6075999737,0.6096000075,0.6108999848,,,,,,,,,,,,,,,,,,,,,,,,,,,,,,,,,,,,,,,,,,,,,,,,,,,,,,,,,,,,,,,,,,,,,,,,,,,,,,,,,,,,,,,,,,,,,,,,,,,,,,,,,,,,,,,,,,,,,,,,,,,,,,,,,,,,,,,,,,,,,,,,,,,,
B3,0.1202000007,0.123300001,0.1309999973,0.139200002,0.1511999965,0.1670999974,0.1904000044,0.2136999965,0.2354000062,0.2612000108,0.292899996,0.3323999941,0.3718000054,0.4140000045,0.4501999915,0.4805999994,0.5088999867,0.5372999907,0.5562000275,0.5717999935,0.5892999768,0.6021999717,0.6166999936,0.6287999749,0.641900003,0.6582999825,0.654399991,0.6529999971,0.6511999965,0.6502000093,0.6464999914,0.643599987,0.6438000202,0.6385999918,0.6360999942,0.6341999769,0.6324999928,0.6302999854,0.6286000013,0.6263999939,0.6251999736,0.6233999729,0.6212000251,0.6200000048,0.617200017,0.6148999929,0.6125000119,0.6105999947,0.6093000174,0.6047000289,0.602699995,0.5992000103,,,,,,,,,,,,,,,,,,,,,,,,,,,,,,,,,,,,,,,,,,,,,,,,,,,,,,,,,,,,,,,,,,,,,,,,,,,,,,,,,,,,,,,,,,,,,,,,,,,,,,,,,,,,,,,,,,,,,,,,,,,,,,,,,,,,,,,,,,,,,,,,,,,,
B4,0.1127000004,0.1162,0.1216999963,0.1299999952,0.1425999999,0.1613000035,0.1828999966,0.2069000006,0.2322999984,0.2583999932,0.2910000086,0.3307999969,0.3709999919,0.4156999886,0.4530000091,0.4855000079,0.5152999759,0.5450999737,0.5637999773,0.5813000202,0.5997999907,0.6115999818,0.6233000159,0.6370000243,0.6582000256,0.6632000208,0.6622999907,0.6601999998,0.6582999825,0.6547999978,0.6528000236,0.6504999995,0.6475999951,0.6462000012,0.6434999704,0.6407999992,0.6398000121,0.6373999715,0.6359000206,0.6338000298,0.6319000125,0.6305000186,0.6281999946,0.6269000173,0.625,0.6225000024,0.6205000281,0.6176999807,0.61650002,0.6139000058,0.6116999984,0.6083999872,,,,,,,,,,,,,,,,,,,,,,,,,,,,,,,,,,,,,,,,,,,,,,,,,,,,,,,,,,,,,,,,,,,,,,,,,,,,,,,,,,,,,,,,,,,,,,,,,,,,,,,,,,,,,,,,,,,,,,,,,,,,,,,,,,,,,,,,,,,,,,,,,,,,
B5,0.1124000028,0.1159999967,0.1218999997,0.1316000074,0.1469999999,0.1657000035,0.1867000014,0.2161999941,0.235799998,0.2637999952,0.2987999916,0.3397000134,0.3833999932,0.4212000072,0.4535000026,0.4851999879,0.5128999949,0.5393999815,0.557099998,0.5760999918,0.5903999805,0.5988000035,0.6122000217,0.6309000254,0.638199985,0.6384000182,0.6366000175,0.6352999806,0.6330000162,0.6294999719,0.6279000044,0.6255000234,0.6223999858,0.6201999784,0.6169000268,0.614199996,0.6115000248,0.6098999977,0.6065999866,0.6043999791,0.6014000177,0.5989000201,0.5964000225,0.5932999849,0.5904999971,0.5881000161,0.5846999884,0.581799984,0.5788999796,0.5748999715,0.5716999769,0.5681999922,,,,,,,,,,,,,,,,,,,,,,,,,,,,,,,,,,,,,,,,,,,,,,,,,,,,,,,,,,,,,,,,,,,,,,,,,,,,,,,,,,,,,,,,,,,,,,,,,,,,,,,,,,,,,,,,,,,,,,,,,,,,,,,,,,,,,,,,,,,,,,,,,,,,
B6,0.1108999997,0.1147999987,0.1221000031,0.1330000013,0.1497000009,0.173299998,0.195600003,0.2220000029,0.2423000038,0.2680000067,0.2991000116,0.337199986,0.377700001,0.413199991,0.4426999986,0.4650999904,0.4819999933,0.4943000078,0.5038999915,0.5120000243,0.5189999938,0.532400012,0.5424000025,0.5498999953,0.5548999906,0.5583999753,0.5600000024,0.5626000166,0.5634999871,0.5637000203,0.5637000203,0.5638999939,0.5637000203,0.5631999969,0.5626000166,0.5630999804,0.5636000037,0.5637000203,0.5623999834,0.5608000159,0.5598000288,0.5583000183,0.5568000078,0.5557000041,0.5548999906,0.5527999997,0.5514000058,0.5496000051,0.5490000248,0.5467000008,0.5454999804,0.5436000228,,,,,,,,,,,,,,,,,,,,,,,,,,,,,,,,,,,,,,,,,,,,,,,,,,,,,,,,,,,,,,,,,,,,,,,,,,,,,,,,,,,,,,,,,,,,,,,,,,,,,,,,,,,,,,,,,,,,,,,,,,,,,,,,,,,,,,,,,,,,,,,,,,,,
B7,0.1150999963,0.1198000014,0.1272000074,0.136800006,0.1528999954,0.1773999929,0.2008000016,0.227699995,0.2480999976,0.2732999921,0.2989000082,0.3237999976,0.3504999876,0.3731000125,0.3914000094,0.4059999883,0.4210999906,0.4334000051,0.4444000125,0.4555000067,0.464899987,0.4711000025,0.4776000082,0.4817999899,0.4855000079,0.4896000028,0.4923000038,0.4954999983,0.4986999929,0.5013999939,0.5034999847,0.506099999,0.5090000033,0.5109999776,0.5127999783,0.5163000226,0.5227000117,0.5266000032,0.5274000168,0.5267999768,0.5264999866,0.5254999995,0.5243999958,0.5235999823,0.5232999921,0.5221999884,0.521600008,0.5206999779,0.5206999779,0.5194000006,0.5189999938,0.5184000134,,,,,,,,,,,,,,,,,,,,,,,,,,,,,,,,,,,,,,,,,,,,,,,,,,,,,,,,,,,,,,,,,,,,,,,,,,,,,,,,,,,,,,,,,,,,,,,,,,,,,,,,,,,,,,,,,,,,,,,,,,,,,,,,,,,,,,,,,,,,,,,,,,,,
B8,0.1128000021,0.1168000028,0.1237000003,0.1344999969,0.1509000063,0.1747000068,0.1970999986,0.2239000052,0.2427999973,0.2700999975,0.3023999929,0.3407999873,0.3819999993,0.4187999964,0.4512000084,0.4819999933,0.5164999962,0.5429000258,0.5608000159,0.5849000216,0.5906000137,0.6011999846,0.6151999831,0.6344000101,0.6384000182,0.6387000084,0.6362000108,0.6406999826,0.6330999732,0.6302999854,0.6279000044,0.6251999736,0.6230000257,0.6209999919,0.6176999807,0.6158000231,0.6133000255,0.611199975,0.6085000038,0.6061999798,0.6039000154,0.6017000079,0.5990999937,0.5964999795,0.5939000249,0.5914999843,0.5885999799,0.5859000087,0.5832999945,0.5795000196,0.5769000053,0.5731999874,,,,,,,,,,,,,,,,,,,,,,,,,,,,,,,,,,,,,,,,,,,,,,,,,,,,,,,,,,,,,,,,,,,,,,,,,,,,,,,,,,,,,,,,,,,,,,,,,,,,,,,,,,,,,,,,,,,,,,,,,,,,,,,,,,,,,,,,,,,,,,,,,,,,
B9,0.1089000031,0.1132000014,0.1207000017,0.1316999942,0.1492999941,0.1697999984,0.1906999946,0.2150000036,0.2372999936,0.2678000033,0.3073000014,0.3497000039,0.3930000067,0.4268999994,0.4546999931,0.4851999879,0.5135999918,0.5350999832,0.5546000004,0.5713999867,0.5834000111,0.5938000083,0.611199975,0.6251000166,0.6269000173,0.6272000074,0.6256999969,0.6247000098,0.6233999729,0.6208999753,0.618900001,0.616599977,0.6144999862,0.6119999886,0.6094999909,0.6074000001,0.6051999927,0.603399992,0.6013000011,0.5990999937,0.5971999764,0.5950000286,0.5928999782,0.5906000137,0.5885000229,0.5855000019,0.5827999711,0.5803999901,0.5784000158,0.5749999881,0.5720999837,0.5694000125,,,,,,,,,,,,,,,,,,,,,,,,,,,,,,,,,,,,,,,,,,,,,,,,,,,,,,,,,,,,,,,,,,,,,,,,,,,,,,,,,,,,,,,,,,,,,,,,,,,,,,,,,,,,,,,,,,,,,,,,,,,,,,,,,,,,,,,,,,,,,,,,,,,,
B10,0.1204999983,0.1248999983,0.1326999962,0.1440999955,0.1627999991,0.1861000061,0.2116000056,0.2386000007,0.2610999942,0.2906000018,0.3271000087,0.3698999882,0.4146000147,0.4503999949,0.4799999893,0.5123000145,0.5411999822,0.5663999915,0.5827000141,0.6032999754,0.6151000261,0.6244999766,0.6333000064,0.648999989,0.6617000103,0.6649000049,0.6649000049,0.6624000072,0.6610999703,0.6585999727,0.6560000181,0.6528999805,0.6511999965,0.6484000087,0.6455000043,0.6427999735,0.6406000257,0.6378999949,0.6352999806,0.6323999763,0.6298999786,0.6266999841,0.6236000061,0.6207000017,0.6179000139,0.6146000028,0.6108999848,0.6082000136,0.6054000258,0.600399971,0.5974000096,0.5932000279,,,,,,,,,,,,,,,,,,,,,,,,,,,,,,,,,,,,,,,,,,,,,,,,,,,,,,,,,,,,,,,,,,,,,,,,,,,,,,,,,,,,,,,,,,,,,,,,,,,,,,,,,,,,,,,,,,,,,,,,,,,,,,,,,,,,,,,,,,,,,,,,,,,,
B11,0.1110000014,0.1158000007,0.1242000014,0.1360000074,0.1537999958,0.1761000007,0.2028000057,0.2304999977,0.2520999908,0.279700011,0.3174000084,0.3632999957,0.4095000029,0.4435000122,0.47330001,0.5052999854,0.5357000232,0.5580999851,0.5748000145,0.5940999985,0.6067000031,0.6154999733,0.6295999885,0.6482999921,0.6531999707,0.6541000009,0.6531000137,0.6517000198,0.6506999731,0.6485999823,0.6460000277,0.6438000202,0.6448000073,0.6389999986,0.6367999911,0.6342999935,0.6323000193,0.6302000284,0.6286000013,0.6255999804,0.6248999834,0.6208000183,0.6182000041,0.6169999838,0.6140999794,0.6108000278,0.6082999706,0.6055999994,0.6032999754,0.6007999778,0.5970000029,0.5936999917,,,,,,,,,,,,,,,,,,,,,,,,,,,,,,,,,,,,,,,,,,,,,,,,,,,,,,,,,,,,,,,,,,,,,,,,,,,,,,,,,,,,,,,,,,,,,,,,,,,,,,,,,,,,,,,,,,,,,,,,,,,,,,,,,,,,,,,,,,,,,,,,,,,,
B12,0.1036000028,0.1085999981,0.1181000024,0.1323000044,0.1509000063,0.1738000065,0.2038999945,0.2372999936,0.252700001,0.2788999975,0.3070000112,0.333799988,0.3646000028,0.3903000057,0.4122999907,0.4289000034,0.4449999928,0.4620000124,0.4806999862,0.5059999824,0.527700007,0.5430999994,0.5562999845,0.5692999959,0.5780000091,0.586499989,0.5953000188,0.6082000136,0.614199996,0.6136000156,0.6115000248,0.608799994,0.6061999798,0.6029000282,0.5992000103,0.5961999893,0.591899991,0.5878999829,0.5843999982,0.5809000134,0.5773000121,0.5737000108,0.5694000125,0.5649999976,0.5611000061,0.5573999882,0.5522999763,0.548600018,0.5449000001,0.5404000282,0.5350000262,0.5306000113,,,,,,,,,,,,,,,,,,,,,,,,,,,,,,,,,,,,,,,,,,,,,,,,,,,,,,,,,,,,,,,,,,,,,,,,,,,,,,,,,,,,,,,,,,,,,,,,,,,,,,,,,,,,,,,,,,,,,,,,,,,,,,,,,,,,,,,,,,,,,,,,,,,,
C1,0.1102000028,0.1137999967,0.1187999994,0.1272999942,0.1393000036,0.1581999958,0.1773000062,0.1991000026,0.2202000022,0.2431000024,0.2720000148,0.307099998,0.3445000052,0.3833000064,0.4176999927,0.4481000006,0.4778999984,0.5031999946,0.524699986,0.5404000282,0.5558000207,0.5701000094,0.5807999969,0.5893999934,0.6079999804,0.6241999865,0.6252999902,0.6233999729,0.6215000153,0.6183999777,0.6154999733,0.6121000051,0.6094999909,0.6069999933,0.6040999889,0.6021000147,0.5988000035,0.5981000066,0.5946999788,0.5922999978,0.5896000266,0.5878000259,0.5850999951,0.5819000006,0.5798000097,0.5773000121,0.5741999745,0.5720000267,0.5695000291,0.5666000247,0.5629000068,0.5611000061,,,,,,,,,,,,,,,,,,,,,,,,,,,,,,,,,,,,,,,,,,,,,,,,,,,,,,,,,,,,,,,,,,,,,,,,,,,,,,,,,,,,,,,,,,,,,,,,,,,,,,,,,,,,,,,,,,,,,,,,,,,,,,,,,,,,,,,,,,,,,,,,,,,,
C2,0.117399998,0.1216000021,0.1280000061,0.1333999932,0.1465999931,0.1685000062,0.1886000037,0.2125999928,0.235499993,0.2556999922,0.2872000039,0.3253999949,0.3652999997,0.4090000093,0.4465000033,0.4794999957,0.5117999911,0.5417000055,0.5605000257,0.5766000152,0.5935999751,0.6060000062,0.6158999801,0.6238999963,0.6406000257,0.6585000157,0.6593000293,0.6583999991,0.6560999751,0.6531999707,0.6513000131,0.6478000283,0.6460999846,0.6431000233,0.6402000189,0.6376000047,0.635800004,0.6340000033,0.6312000155,0.6292999983,0.6266000271,0.6251999736,0.622699976,0.6190999746,0.6171000004,0.614199996,0.6100999713,0.6090000272,0.6061000228,0.6035000086,0.600399971,0.5976999998,,,,,,,,,,,,,,,,,,,,,,,,,,,,,,,,,,,,,,,,,,,,,,,,,,,,,,,,,,,,,,,,,,,,,,,,,,,,,,,,,,,,,,,,,,,,,,,,,,,,,,,,,,,,,,,,,,,,,,,,,,,,,,,,,,,,,,,,,,,,,,,,,,,,
C3,0.1108999997,0.1154000014,0.1194000021,0.1294,0.1413999945,0.1617999971,0.1833000034,0.2064999938,0.2289000005,0.2518000007,0.2820000052,0.3142000139,0.3492000103,0.3921999931,0.431400001,0.46419999,0.4988000095,0.5281000137,0.5533999801,0.5687999725,0.5856999755,0.6007000208,0.6101999879,0.6177999973,0.6320000291,0.6546000242,0.6585000157,0.6582999825,0.6565999985,0.6532999873,0.6536999941,0.6495000124,0.6481000185,0.6462000012,0.6434000134,0.6416000128,0.6399999857,0.6391000152,0.6370000243,0.6345000267,0.6341999769,0.632799983,0.630400002,0.6297000051,0.6286000013,0.6270999908,0.6237000227,0.6222000122,0.6213999987,0.6187999845,0.6171000004,0.6148999929,,,,,,,,,,,,,,,,,,,,,,,,,,,,,,,,,,,,,,,,,,,,,,,,,,,,,,,,,,,,,,,,,,,,,,,,,,,,,,,,,,,,,,,,,,,,,,,,,,,,,,,,,,,,,,,,,,,,,,,,,,,,,,,,,,,,,,,,,,,,,,,,,,,,
C4,0.1092000008,0.1124000028,0.1182999983,0.1273999959,0.143900007,0.1659000069,0.1897000074,0.208100006,0.2309000045,0.2526000142,0.2815000117,0.3134000003,0.3468999863,0.3810000122,0.4113999903,0.4381000102,0.467900008,0.5012999773,0.5295000076,0.5475999713,0.5619000196,0.5777000189,0.5892000198,0.5978000164,0.6049000025,0.621900022,0.6410999894,0.6448000073,0.6428999901,0.6409999728,0.6396999955,0.6366999745,0.6377000213,0.6338999867,0.6320000291,0.6294000149,0.6284999847,0.6266000271,0.6269000173,0.6233999729,0.6218000054,0.6202999949,0.6179000139,0.6166999936,0.6152999997,0.6129000187,0.6104999781,0.6092000008,0.6072999835,0.6046000123,0.6050000191,0.6000000238,,,,,,,,,,,,,,,,,,,,,,,,,,,,,,,,,,,,,,,,,,,,,,,,,,,,,,,,,,,,,,,,,,,,,,,,,,,,,,,,,,,,,,,,,,,,,,,,,,,,,,,,,,,,,,,,,,,,,,,,,,,,,,,,,,,,,,,,,,,,,,,,,,,,
C5,0.1163000017,0.1190000027,0.1251000017,0.1344999969,0.150000006,0.171299994,0.1904000044,0.2158000022,0.2363000065,0.2592999935,0.2870000005,0.3188000023,0.3499000072,0.3779999912,0.3978999853,0.4149000049,0.4325000048,0.4444999993,0.4541000128,0.4595000148,0.465200007,0.469900012,0.4742999971,0.4794999957,0.4833000004,0.4869999886,0.4909000099,0.4947000146,0.4973999858,0.5040000081,0.5113999844,0.5146999955,0.5163999796,0.5157999992,0.5145999789,0.513800025,0.5128999949,0.5127000213,0.5123000145,0.5112000108,0.5105999708,0.5099999905,0.508400023,0.507700026,0.5080999732,0.5070000291,0.5066999793,0.5072000027,0.5062999725,0.5049999952,0.5034999847,0.5024999976,,,,,,,,,,,,,,,,,,,,,,,,,,,,,,,,,,,,,,,,,,,,,,,,,,,,,,,,,,,,,,,,,,,,,,,,,,,,,,,,,,,,,,,,,,,,,,,,,,,,,,,,,,,,,,,,,,,,,,,,,,,,,,,,,,,,,,,,,,,,,,,,,,,,
C6,0.1070000008,0.1108999997,0.1176000014,0.1275999993,0.1428000033,0.1644999981,0.1855999976,0.2109999955,0.2326000035,0.2587000132,0.2892999947,0.3262999952,0.3637999892,0.4009999931,0.4318000078,0.4616000056,0.493900001,0.5220999718,0.540899992,0.5593000054,0.5726000071,0.5835000277,0.5985000134,0.6187000275,0.6230000257,0.6237999797,0.6215999722,0.6213999987,0.6187999845,0.6164000034,0.6144000292,0.6126000285,0.6101999879,0.6076999903,0.6049000025,0.6028000116,0.6004999876,0.5983999968,0.5965999961,0.5938000083,0.5928000212,0.5900999904,0.5881000161,0.586499989,0.5843999982,0.5812000036,0.5784000158,0.5764999986,0.5745999813,0.5710999966,0.5683000088,0.5659000278,,,,,,,,,,,,,,,,,,,,,,,,,,,,,,,,,,,,,,,,,,,,,,,,,,,,,,,,,,,,,,,,,,,,,,,,,,,,,,,,,,,,,,,,,,,,,,,,,,,,,,,,,,,,,,,,,,,,,,,,,,,,,,,,,,,,,,,,,,,,,,,,,,,,
C7,0.1154000014,0.1184,0.1247000024,0.134100005,0.150000006,0.1726000011,0.1942999959,0.2221000046,0.2400999963,0.2653000057,0.2917999923,0.3190999925,0.3495999873,0.3743999898,0.3952000141,0.4135999978,0.4311999977,0.4458000064,0.4596000016,0.4720999897,0.4835999906,0.4947000146,0.5055999756,0.5189999938,0.5266000032,0.534799993,0.5415999889,0.549399972,0.5548999906,0.560199976,0.564899981,0.5672000051,0.5694000125,0.5712000132,0.5724999905,0.573300004,0.5727999806,0.5727999806,0.5717999935,0.5701000094,0.5698000193,0.5684000254,0.5672000051,0.5662000179,0.5658000112,0.5641000271,0.5626000166,0.5620999932,0.5613999963,0.5597000122,0.5586000085,0.5576999784,,,,,,,,,,,,,,,,,,,,,,,,,,,,,,,,,,,,,,,,,,,,,,,,,,,,,,,,,,,,,,,,,,,,,,,,,,,,,,,,,,,,,,,,,,,,,,,,,,,,,,,,,,,,,,,,,,,,,,,,,,,,,,,,,,,,,,,,,,,,,,,,,,,,
C8,0.1155000031,0.1203999966,0.1281999946,0.139500007,0.1550000012,0.1773000062,0.1991000026,0.2254000008,0.2450000048,0.2721999884,0.3032000065,0.3361999989,0.3716999888,0.4005999863,0.4237999916,0.4469000101,0.4708000124,0.4914000034,0.5175999999,0.5393000245,0.5590000153,0.5716000199,0.5845999718,0.5939999819,0.608799994,0.6284000278,0.6333000064,0.633400023,0.6320000291,0.6302999854,0.6284999847,0.6272000074,0.6244999766,0.6231999993,0.6207000017,0.6183000207,0.6161000133,0.6147999763,0.6125000119,0.6101999879,0.6082999706,0.6065999866,0.6040999889,0.6017000079,0.6000000238,0.5978999734,0.5946000218,0.5921000242,0.5900999904,0.5867999792,0.5837000012,0.5814999938,,,,,,,,,,,,,,,,,,,,,,,,,,,,,,,,,,,,,,,,,,,,,,,,,,,,,,,,,,,,,,,,,,,,,,,,,,,,,,,,,,,,,,,,,,,,,,,,,,,,,,,,,,,,,,,,,,,,,,,,,,,,,,,,,,,,,,,,,,,,,,,,,,,,
C9,0.1181999967,0.1224000007,0.1299999952,0.1406999975,0.1579000056,0.1806000024,0.2032999992,0.2328000069,0.2495999932,0.2727000117,0.3073000014,0.3488999903,0.3896999955,0.4235000014,0.4528999925,0.4779999852,0.4990000129,0.5180000067,0.5364000201,0.5504999757,0.5625,0.5722000003,0.5821999907,0.5892000198,0.5935999751,0.5989999771,0.6024000049,0.6123999953,0.6241999865,0.6291000247,0.6312999725,0.6319000125,0.6319000125,0.6319000125,0.6298999786,0.6284999847,0.6262999773,0.625,0.6231999993,0.6215999722,0.6201999784,0.6183999777,0.617299974,0.6154999733,0.6143000126,0.6125000119,0.6097000241,0.608799994,0.6072999835,0.6050999761,0.6028000116,0.6014999747,,,,,,,,,,,,,,,,,,,,,,,,,,,,,,,,,,,,,,,,,,,,,,,,,,,,,,,,,,,,,,,,,,,,,,,,,,,,,,,,,,,,,,,,,,,,,,,,,,,,,,,,,,,,,,,,,,,,,,,,,,,,,,,,,,,,,,,,,,,,,,,,,,,,
C10,0.1133000031,0.1174999997,0.1272000074,0.136800006,0.1552000046,0.1741999984,0.1961999983,0.2245000005,0.2465000004,0.2754000127,0.3093000054,0.350300014,0.3898999989,0.4144999981,0.4304000139,0.4424999952,0.4512999952,0.459800005,0.4672999978,0.4751000106,0.4806999862,0.4864000082,0.4916999936,0.4959999919,0.4999000132,0.5052000284,0.5090000033,0.513100028,0.5167999864,0.5184999704,0.5214999914,0.5248000026,0.5322999954,0.5375999808,0.5389999747,0.5386000276,0.5368999839,0.5357999802,0.5349000096,0.5333999991,0.5335999727,0.532400012,0.5317999721,0.5315999985,0.5309000015,0.5296000242,0.5282999873,0.5285000205,0.5281000137,0.5278000236,0.5259000063,0.5250999928,,,,,,,,,,,,,,,,,,,,,,,,,,,,,,,,,,,,,,,,,,,,,,,,,,,,,,,,,,,,,,,,,,,,,,,,,,,,,,,,,,,,,,,,,,,,,,,,,,,,,,,,,,,,,,,,,,,,,,,,,,,,,,,,,,,,,,,,,,,,,,,,,,,,
C11,0.1120000035,0.1167000011,0.1246000007,0.1360000074,0.1536000073,0.176699996,0.2002000064,0.2248000056,0.2446999997,0.2750999928,0.3203000128,0.3569999933,0.4007000029,0.4329000115,0.4675000012,0.4984999895,0.518599987,0.5410000086,0.5609999895,0.5809999704,0.5965999961,0.6024000049,0.6151999831,0.6294999719,0.6414999962,0.6431999803,0.6421999931,0.6417000294,0.6414999962,0.6384999752,0.6370999813,0.638100028,0.630400002,0.6315000057,0.6274999976,0.6262999773,0.6237000227,0.6173999906,0.6180999875,0.6151999831,0.6122999787,0.6108999848,0.6112999916,0.6067000031,0.6025999784,0.6028000116,0.5986999869,0.5974000096,0.592599988,0.592599988,0.5878999829,0.5874000192,,,,,,,,,,,,,,,,,,,,,,,,,,,,,,,,,,,,,,,,,,,,,,,,,,,,,,,,,,,,,,,,,,,,,,,,,,,,,,,,,,,,,,,,,,,,,,,,,,,,,,,,,,,,,,,,,,,,,,,,,,,,,,,,,,,,,,,,,,,,,,,,,,,,
C12,0.1089999974,0.119599998,0.1292999983,0.1432999969,0.1606000066,0.1852000058,0.2150000036,0.2434999943,0.2621999979,0.2913999856,0.3122999966,0.3424000144,0.3718999922,0.3980999887,0.4176999927,0.4347000122,0.459100008,0.4826999903,0.5073000193,0.5310000181,0.5472000241,0.5612999797,0.5746999979,0.5835000277,0.5903000236,0.5992000103,0.6122000217,0.6213999987,0.6218000054,0.6190999746,0.6169000268,0.6146000028,0.6108000278,0.6082999706,0.6039999723,0.600399971,0.5964999795,0.5928999782,0.5891000032,0.5850999951,0.581700027,0.5777999759,0.5742999911,0.5698999763,0.5661000013,0.5619000196,0.5576000214,0.5536999702,0.5490999818,0.5450000167,0.5400999784,0.5358999968,,,,,,,,,,,,,,,,,,,,,,,,,,,,,,,,,,,,,,,,,,,,,,,,,,,,,,,,,,,,,,,,,,,,,,,,,,,,,,,,,,,,,,,,,,,,,,,,,,,,,,,,,,,,,,,,,,,,,,,,,,,,,,,,,,,,,,,,,,,,,,,,,,,,
D1,0.1234000027,0.1262000054,0.1316999942,0.139500007,0.1513999999,0.1701000035,0.1896000057,0.2116000056,0.2328000069,0.2540000081,0.2816999853,0.3145999908,0.34799999,0.3856999874,0.4174999893,0.4350999892,0.445600003,0.4577000141,0.46419999,0.4706999958,0.4771000147,0.4812000096,0.4860999882,0.4914000034,0.4950000048,0.4997999966,0.5036000013,0.5080000162,0.5145999789,0.5253000259,0.532400012,0.5343000293,0.5333999991,0.5320000052,0.5304999948,0.5289000273,0.5286999941,0.5271000266,0.5263000131,0.5257999897,0.5242000222,0.5235000253,0.5213999748,0.5209000111,0.5199000239,0.5180000067,0.5173000097,0.5171999931,0.5163000226,0.5139999986,0.5119000077,0.5097000003,,,,,,,,,,,,,,,,,,,,,,,,,,,,,,,,,,,,,,,,,,,,,,,,,,,,,,,,,,,,,,,,,,,,,,,,,,,,,,,,,,,,,,,,,,,,,,,,,,,,,,,,,,,,,,,,,,,,,,,,,,,,,,,,,,,,,,,,,,,,,,,,,,,,
D2,0.1092000008,0.1130999997,0.1209999993,0.1299999952,0.1430999935,0.1668000072,0.1915999949,0.2177000046,0.236499995,0.2552999854,0.277399987,0.3014000058,0.3271000087,0.3531999886,0.3799000084,0.3950999975,0.4154999852,0.4361000061,0.4508999884,0.4605000019,0.4668000042,0.4727999866,0.4771000147,0.4814999998,0.4844000041,0.489199996,0.4927000105,0.4966999888,0.4988000095,0.5034000278,0.5070999861,0.5109999776,0.513899982,0.5173000097,0.5231000185,0.5318999887,0.5364000201,0.537800014,0.5371999741,0.5360999703,0.5358999968,0.5346999764,0.5321999788,0.5336999893,0.5339000225,0.5325999856,0.5314000249,0.5311999917,0.5313000083,0.5296000242,0.5311999917,0.5310999751,,,,,,,,,,,,,,,,,,,,,,,,,,,,,,,,,,,,,,,,,,,,,,,,,,,,,,,,,,,,,,,,,,,,,,,,,,,,,,,,,,,,,,,,,,,,,,,,,,,,,,,,,,,,,,,,,,,,,,,,,,,,,,,,,,,,,,,,,,,,,,,,,,,,
D3,0.1115999967,0.1143999994,0.1194999963,0.1283999979,0.1405999959,0.1598999947,0.1833000034,0.2076999992,0.2270999998,0.2517000139,0.2772000134,0.3059999943,0.3411999941,0.3820999861,0.4230000079,0.4548999965,0.4900000095,0.5217000246,0.5494999886,0.5659999847,0.5838999748,0.5974000096,0.6068999767,0.6233999729,0.644200027,0.6492999792,0.6481000185,0.6460999846,0.6425999999,0.6402999759,0.6373000145,0.6349999905,0.6316999793,0.6294999719,0.6259999871,0.6236000061,0.6207000017,0.6183000207,0.6158000231,0.6133999825,0.6114000082,0.6090000272,0.6055999994,0.6043999791,0.6021000147,0.5992000103,0.5957999825,0.5938000083,0.5917999744,0.5878000259,0.5859000087,0.5828999877,,,,,,,,,,,,,,,,,,,,,,,,,,,,,,,,,,,,,,,,,,,,,,,,,,,,,,,,,,,,,,,,,,,,,,,,,,,,,,,,,,,,,,,,,,,,,,,,,,,,,,,,,,,,,,,,,,,,,,,,,,,,,,,,,,,,,,,,,,,,,,,,,,,,
D4,0.1101000011,0.1120999977,0.1172000021,0.1262000054,0.139500007,0.1589999944,0.1817000061,0.2060000002,0.2250999957,0.2486999929,0.2770999968,0.3037,0.3282000124,0.3551000059,0.381099999,0.3989000022,0.412800014,0.4253999889,0.4386999905,0.4519999921,0.4620000124,0.470299989,0.4796999991,0.4882999957,0.4957000017,0.5048000216,0.5137000084,0.5309000015,0.5375999808,0.543299973,0.549399972,0.5565000176,0.5619999766,0.5692999959,0.574000001,0.5799999833,0.5860999823,0.5914000273,0.5975999832,0.6028000116,0.6103000045,0.6197000146,0.630400002,0.6391999722,0.6402000189,0.6394000053,0.6370000243,0.636500001,0.6352000237,0.6337000132,0.6331999898,0.6322000027,,,,,,,,,,,,,,,,,,,,,,,,,,,,,,,,,,,,,,,,,,,,,,,,,,,,,,,,,,,,,,,,,,,,,,,,,,,,,,,,,,,,,,,,,,,,,,,,,,,,,,,,,,,,,,,,,,,,,,,,,,,,,,,,,,,,,,,,,,,,,,,,,,,,
D5,0.1128999963,0.1168000028,0.1242000014,0.1333999932,0.1476999968,0.1676000059,0.1903000027,0.2172999978,0.2343000025,0.2592999935,0.2897000015,0.329400003,0.3698999882,0.4111000001,0.4431000054,0.4744000137,0.5041000247,0.5328000188,0.551699996,0.568599999,0.5835000277,0.5928999782,0.6043000221,0.6161999702,0.633400023,0.6396999955,0.6391999722,0.6392999887,0.6373999715,0.6355000138,0.6341000199,0.6328999996,0.6305999756,0.6288999915,0.6263999939,0.6251000166,0.6233999729,0.6215999722,0.6202999949,0.6179999709,0.6164000034,0.6151999831,0.6133000255,0.6121000051,0.6105999947,0.6086999774,0.605700016,0.6043000221,0.6029999852,0.6007999778,0.5988000035,0.5960999727,,,,,,,,,,,,,,,,,,,,,,,,,,,,,,,,,,,,,,,,,,,,,,,,,,,,,,,,,,,,,,,,,,,,,,,,,,,,,,,,,,,,,,,,,,,,,,,,,,,,,,,,,,,,,,,,,,,,,,,,,,,,,,,,,,,,,,,,,,,,,,,,,,,,
D6,0.117899999,0.1203999966,0.1268000007,0.1366000026,0.1515000015,0.1735000014,0.195600003,0.2208999991,0.2398999929,0.264200002,0.2883999944,0.3106999993,0.3336000144,0.3594999909,0.3750999868,0.3876999915,0.4005999863,0.4119000137,0.4221000075,0.4300999939,0.4363999963,0.4438000023,0.451000005,0.4577000141,0.4629000127,0.4690999985,0.4740000069,0.4792000055,0.4824000001,0.486499995,0.4902000129,0.4948000014,0.4977000058,0.5009999871,0.5016999841,0.5047000051,0.5073999763,0.5124999881,0.5181000233,0.5210999846,0.5220000148,0.5218999982,0.5205000043,0.5212000012,0.5213999748,0.5206000209,0.5191000104,0.5199999809,0.5191000104,0.5180000067,0.5182999969,0.5178999901,,,,,,,,,,,,,,,,,,,,,,,,,,,,,,,,,,,,,,,,,,,,,,,,,,,,,,,,,,,,,,,,,,,,,,,,,,,,,,,,,,,,,,,,,,,,,,,,,,,,,,,,,,,,,,,,,,,,,,,,,,,,,,,,,,,,,,,,,,,,,,,,,,,,
D7,0.1079000011,0.1124000028,0.118900001,0.130400002,0.145600006,0.168599993,0.1911000013,0.2193000019,0.2365999967,0.2682999969,0.2924999893,0.3323999941,0.3693000078,0.4009000063,0.4365000129,0.4654000103,0.4878000021,0.5094000101,0.522300005,0.5443999767,0.5558000207,0.5705000162,0.5776000023,0.5906999707,0.5981000066,0.6068000197,0.6125000119,0.6208999753,0.6326000094,0.6470999718,0.6521999836,0.6532999873,0.6545000076,0.6521000266,0.6531000137,0.6510999799,0.6498000026,0.6492000222,0.6449999809,0.6452999711,0.641200006,0.6434000134,0.6409000158,0.6407999992,0.6366000175,0.636500001,0.6340000033,0.6338000298,0.6306999922,0.6262999773,0.6265000105,0.6255999804,,,,,,,,,,,,,,,,,,,,,,,,,,,,,,,,,,,,,,,,,,,,,,,,,,,,,,,,,,,,,,,,,,,,,,,,,,,,,,,,,,,,,,,,,,,,,,,,,,,,,,,,,,,,,,,,,,,,,,,,,,,,,,,,,,,,,,,,,,,,,,,,,,,,
D8,0.1171000004,0.1193000004,0.1262000054,0.1368999928,0.1528999954,0.1721999943,0.1949999928,0.2207999974,0.2399999946,0.263500005,0.2894000113,0.3240999877,0.3616000116,0.3975999951,0.4176999927,0.432099998,0.4429999888,0.4517999887,0.459100008,0.464899987,0.4711000025,0.4774000049,0.4806999862,0.4848999977,0.4880999923,0.4930000007,0.4986000061,0.5002999902,0.5036000013,0.5095000267,0.5151000023,0.5210999846,0.5228999853,0.5241000056,0.5228999853,0.5224999785,0.5217999816,0.521600008,0.5230000019,0.5199000239,0.5198000073,0.5195000172,0.5184000134,0.5199999809,0.5184000134,0.516900003,0.5166000128,0.5167999864,0.5163999796,0.5156000257,0.5137000084,0.5123999715,,,,,,,,,,,,,,,,,,,,,,,,,,,,,,,,,,,,,,,,,,,,,,,,,,,,,,,,,,,,,,,,,,,,,,,,,,,,,,,,,,,,,,,,,,,,,,,,,,,,,,,,,,,,,,,,,,,,,,,,,,,,,,,,,,,,,,,,,,,,,,,,,,,,
D9,0.1145000011,0.1177000031,0.1247999966,0.134100005,0.1482000053,0.1676000059,0.1896000057,0.2161999941,0.2338999957,0.2623000145,0.296299994,0.3346000016,0.3747000098,0.4061000049,0.4339999855,0.4559000134,0.4756000042,0.4932999909,0.5124999881,0.5253000259,0.5392000079,0.548699975,0.5583999753,0.5674999952,0.5727999806,0.5780000091,0.5824000239,0.5892000198,0.601000011,0.6090999842,0.6121000051,0.6140999794,0.613499999,0.6129000187,0.6116999984,0.6108000278,0.6090999842,0.6075999737,0.605700016,0.603399992,0.6014999747,0.6008999944,0.5992000103,0.5978999734,0.5964000225,0.5943999887,0.5924000144,0.5913000107,0.58950001,0.5878000259,0.5856000185,0.584100008,,,,,,,,,,,,,,,,,,,,,,,,,,,,,,,,,,,,,,,,,,,,,,,,,,,,,,,,,,,,,,,,,,,,,,,,,,,,,,,,,,,,,,,,,,,,,,,,,,,,,,,,,,,,,,,,,,,,,,,,,,,,,,,,,,,,,,,,,,,,,,,,,,,,
D10,0.1158000007,0.1194000021,0.1257999986,0.1351999938,0.150000006,0.1703999937,0.1928000003,0.2208999991,0.2415000051,0.2687000036,0.3016000092,0.3398000002,0.3781000078,0.4022000134,0.4187000096,0.4302999973,0.4401000142,0.4485000074,0.4571999907,0.4627000093,0.4693000019,0.4740999937,0.4799999893,0.4855999947,0.4887999892,0.4943999946,0.4981999993,0.5012999773,0.5055999756,0.507799983,0.5105000138,0.5152000189,0.5230000019,0.5278999805,0.5281000137,0.5275999904,0.5267999768,0.5267000198,0.5254999995,0.5253000259,0.5253999829,0.5252000093,0.523999989,0.5248000026,0.524699986,0.5242999792,0.5231999755,0.5235999823,0.5228000283,0.5221999884,0.5214999914,0.521600008,,,,,,,,,,,,,,,,,,,,,,,,,,,,,,,,,,,,,,,,,,,,,,,,,,,,,,,,,,,,,,,,,,,,,,,,,,,,,,,,,,,,,,,,,,,,,,,,,,,,,,,,,,,,,,,,,,,,,,,,,,,,,,,,,,,,,,,,,,,,,,,,,,,,
D11,0.115199998,0.118900001,0.1251000017,0.1351000071,0.1507000029,0.1709000021,0.1940000057,0.2220000029,0.242899999,0.2723999918,0.3073000014,0.3476999998,0.3896000087,0.4210000038,0.4438000023,0.4643999934,0.483799994,0.5001999736,0.5156999826,0.5325999856,0.5464000106,0.5580999851,0.5684000254,0.5764999986,0.5831000209,0.5904999971,0.5957999825,0.600300014,0.6040999889,0.6076999903,0.6154000163,0.6269999743,0.6342999935,0.6373999715,0.6383000016,0.6378999949,0.6366999745,0.6355999708,0.6340000033,0.6324999928,0.6309000254,0.6291999817,0.6272000074,0.6256999969,0.6244000196,0.622699976,0.6211000085,0.6198999882,0.6187000275,0.6171000004,0.6152999997,0.6136000156,,,,,,,,,,,,,,,,,,,,,,,,,,,,,,,,,,,,,,,,,,,,,,,,,,,,,,,,,,,,,,,,,,,,,,,,,,,,,,,,,,,,,,,,,,,,,,,,,,,,,,,,,,,,,,,,,,,,,,,,,,,,,,,,,,,,,,,,,,,,,,,,,,,,
D12,0.1098999977,0.1149000004,0.1243999973,0.1380999982,0.1571999937,0.1826000065,0.2081999928,0.236499995,0.2583000064,0.2870999873,0.3115000129,0.3404000103,0.3734000027,0.3982000053,0.4196000099,0.4426000118,0.4715999961,0.4995000064,0.5273000002,0.5485000014,0.5662000179,0.5827999711,0.5957999825,0.6054999828,0.6171000004,0.6344000101,0.6413999796,0.6438000202,0.6441000104,0.6427000165,0.6409999728,0.6399999857,0.6384000182,0.6373000145,0.6338999867,0.632799983,0.6297000051,0.6274999976,0.6248000264,0.622699976,0.6212000251,0.618900001,0.6162999868,0.6148999929,0.6123999953,0.6101999879,0.6068999767,0.6051999927,0.6028000116,0.5997999907,0.5975999832,0.5939999819,,,,,,,,,,,,,,,,,,,,,,,,,,,,,,,,,,,,,,,,,,,,,,,,,,,,,,,,,,,,,,,,,,,,,,,,,,,,,,,,,,,,,,,,,,,,,,,,,,,,,,,,,,,,,,,,,,,,,,,,,,,,,,,,,,,,,,,,,,,,,,,,,,,,
E1,0.1086999997,0.1115000024,0.1180000007,0.1263999939,0.139200002,0.1574999988,0.177699998,0.1994999945,0.2195000052,0.2468000054,0.2660000026,0.2985000014,0.3280999959,0.3630000055,0.399300009,0.4221999943,0.4431999922,0.4490999877,0.4559000134,0.4609000087,0.4670000076,0.4720000029,0.4763999879,0.4805999994,0.483799994,0.4885999858,0.4923000038,0.4961000085,0.5004000068,0.5048999786,0.5156000257,0.5228999853,0.5249999762,0.5248000026,0.5236999989,0.5224999785,0.52700001,0.5220999718,0.5194000006,0.5184000134,0.5217000246,0.5180000067,0.5159999728,0.516200006,0.5170000196,0.5163999796,0.5142999887,0.5134000182,0.5127000213,0.5103999972,0.508400023,0.5070000291,,,,,,,,,,,,,,,,,,,,,,,,,,,,,,,,,,,,,,,,,,,,,,,,,,,,,,,,,,,,,,,,,,,,,,,,,,,,,,,,,,,,,,,,,,,,,,,,,,,,,,,,,,,,,,,,,,,,,,,,,,,,,,,,,,,,,,,,,,,,,,,,,,,,
E2,0.1101000011,0.1137999967,0.1199000031,0.1296000034,0.142900005,0.1626999974,0.1844000071,0.2099000067,0.2266000062,0.2474000007,0.2782000005,0.3102000058,0.3474000096,0.3871999979,0.4250000119,0.4463999867,0.4636000097,0.4779999852,0.4902000129,0.4995999932,0.508400023,0.5173000097,0.5253000259,0.5350999832,0.5534999967,0.5663999915,0.5687999725,0.5727999806,0.5748999715,0.5769000053,0.5799999833,0.5835000277,0.5860999823,0.5885999799,0.5896999836,0.5935000181,0.5953000188,0.6000000238,0.6042000055,0.6086000204,0.61650002,0.627300024,0.63349998,0.6355999708,0.6348999739,0.6349999905,0.632700026,0.6326000094,0.6312000155,0.6295999885,0.6291000247,0.6276000142,,,,,,,,,,,,,,,,,,,,,,,,,,,,,,,,,,,,,,,,,,,,,,,,,,,,,,,,,,,,,,,,,,,,,,,,,,,,,,,,,,,,,,,,,,,,,,,,,,,,,,,,,,,,,,,,,,,,,,,,,,,,,,,,,,,,,,,,,,,,,,,,,,,,
E3,0.1086999997,0.112499997,0.1177999973,0.1274999976,0.1409000009,0.1625999957,0.1855999976,0.2115000039,0.2353000045,0.258100003,0.2845000029,0.3104999959,0.3400999904,0.3702000082,0.3980999887,0.4226000011,0.4519999921,0.4837000072,0.5135999918,0.5386999846,0.5552999973,0.5746999979,0.5885999799,0.5996999741,0.6075000167,0.6258999705,0.6428999901,0.6460999846,0.6438000202,0.6417000294,0.6396999955,0.6377000213,0.6356999874,0.633400023,0.6301000118,0.6291000247,0.627399981,0.6247000098,0.622699976,0.6205999851,0.6197000146,0.6176000237,0.6144999862,0.6147000194,0.6132000089,0.611100018,0.6086000204,0.6072999835,0.6050000191,0.6022999883,0.6029000282,0.5990999937,,,,,,,,,,,,,,,,,,,,,,,,,,,,,,,,,,,,,,,,,,,,,,,,,,,,,,,,,,,,,,,,,,,,,,,,,,,,,,,,,,,,,,,,,,,,,,,,,,,,,,,,,,,,,,,,,,,,,,,,,,,,,,,,,,,,,,,,,,,,,,,,,,,,
E4,0.1114000008,0.1138999984,0.1202000007,0.1288000047,0.141900003,0.1608999968,0.1812999994,0.2061000019,0.2268999964,0.2496999949,0.2775000036,0.3054000139,0.3336000144,0.3641000092,0.3921999931,0.415199995,0.4323999882,0.4478999972,0.4657999873,0.4790999889,0.489199996,0.4984999895,0.5059000254,0.5123999715,0.5196999907,0.5307000279,0.5444999933,0.5504000187,0.5548999906,0.5576000214,0.5616999865,0.5666999817,0.5723000169,0.5780000091,0.5838000178,0.5917999744,0.5996000171,0.6065999866,0.6123999953,0.6212000251,0.6322000027,0.638199985,0.6371999979,0.6385999918,0.6370000243,0.635800004,0.635800004,0.6335999966,0.6316000223,0.6287000179,0.6294999719,0.627399981,,,,,,,,,,,,,,,,,,,,,,,,,,,,,,,,,,,,,,,,,,,,,,,,,,,,,,,,,,,,,,,,,,,,,,,,,,,,,,,,,,,,,,,,,,,,,,,,,,,,,,,,,,,,,,,,,,,,,,,,,,,,,,,,,,,,,,,,,,,,,,,,,,,,
E5,0.1062000021,0.1092000008,0.1186999977,0.1257999986,0.1460999995,0.1623000056,0.1881999969,0.2079000026,0.2274000049,0.2492000014,0.2790000141,0.3088000119,0.3492999971,0.3847000003,0.4104000032,0.4284000099,0.4368999898,0.4480000138,0.4566000104,0.4620999992,0.4670000076,0.4751999974,0.477699995,0.4805000126,0.4842999876,0.4929000139,0.4925000072,0.497299999,0.5006999969,0.5020999908,0.5052999854,0.5098999739,0.5144000053,0.5230000019,0.524600029,0.52700001,0.5263000131,0.5260000229,0.5238999724,0.5225999951,0.5228999853,0.5218999982,0.5202999711,0.5213999748,0.5195999742,0.5194000006,0.5177999735,0.5171999931,0.5184999704,0.5170999765,0.5170999765,0.5166000128,,,,,,,,,,,,,,,,,,,,,,,,,,,,,,,,,,,,,,,,,,,,,,,,,,,,,,,,,,,,,,,,,,,,,,,,,,,,,,,,,,,,,,,,,,,,,,,,,,,,,,,,,,,,,,,,,,,,,,,,,,,,,,,,,,,,,,,,,,,,,,,,,,,,
E6,0.1169999987,0.1204999983,0.127700001,0.1352999955,0.1479000002,0.170599997,0.1913000047,0.2198999971,0.240199998,0.2619000077,0.2930999994,0.3287999928,0.364199996,0.3980000019,0.4253000021,0.4605000019,0.4878000021,0.5157999992,0.5388000011,0.5526999831,0.570200026,0.5825999975,0.5942999721,0.6000999808,0.6074000001,0.6198999882,0.6345999837,0.6406000257,0.6373000145,0.6359999776,0.6374999881,0.6335999966,0.6328999996,0.6326000094,0.6295999885,0.6269000173,0.6276999712,0.6241999865,0.6225000024,0.6201999784,0.6191999912,0.6179000139,0.6157000065,0.614199996,0.6150000095,0.611100018,0.608799994,0.6079999804,0.605700016,0.6029999852,0.6017000079,0.6008999944,,,,,,,,,,,,,,,,,,,,,,,,,,,,,,,,,,,,,,,,,,,,,,,,,,,,,,,,,,,,,,,,,,,,,,,,,,,,,,,,,,,,,,,,,,,,,,,,,,,,,,,,,,,,,,,,,,,,,,,,,,,,,,,,,,,,,,,,,,,,,,,,,,,,
E7,0.1158000007,0.1198000014,0.1268000007,0.1372999996,0.1527999938,0.1747000068,0.196600005,0.2215999961,0.2410999984,0.266900003,0.2967000008,0.3265999854,0.3522000015,0.3783999979,0.397300005,0.4187999964,0.4375999868,0.4496000111,0.4586000144,0.4659000039,0.4722000062,0.4778999984,0.4830000103,0.4878999889,0.4907999933,0.4954000115,0.4982999861,0.5026000142,0.5056999922,0.507700026,0.5105000138,0.5141999722,0.5170000196,0.5195000172,0.5206000209,0.5242999792,0.5315999985,0.5358999968,0.5371999741,0.5368999839,0.5371000171,0.5357000232,0.5338000059,0.5343999863,0.5339999795,0.5328999758,0.5318999887,0.5322999954,0.5317999721,0.5296999812,0.5314000249,0.5297999978,,,,,,,,,,,,,,,,,,,,,,,,,,,,,,,,,,,,,,,,,,,,,,,,,,,,,,,,,,,,,,,,,,,,,,,,,,,,,,,,,,,,,,,,,,,,,,,,,,,,,,,,,,,,,,,,,,,,,,,,,,,,,,,,,,,,,,,,,,,,,,,,,,,,
E8,0.1143999994,0.1177999973,0.123999998,0.1338,0.1489000022,0.1682000011,0.1888000071,0.2135999948,0.2352000028,0.2605000138,0.2903999984,0.3246000111,0.3623000085,0.4011000097,0.4345999956,0.4652999938,0.4984999895,0.5328999758,0.5557000041,0.5734999776,0.5913000107,0.6201000214,0.628000021,0.6312000155,0.632799983,0.628099978,0.6258000135,0.6238999963,0.6215999722,0.618900001,0.6183000207,0.6169999838,0.6144999862,0.6129999757,0.608099997,0.611199975,0.6028000116,0.6021999717,0.6007999778,0.5968000293,0.5954999924,0.5931000113,0.5906999707,0.5893999934,0.5904999971,0.5850999951,0.5813000202,0.5806999803,0.5774000287,0.5746999979,0.5734999776,0.5690000057,,,,,,,,,,,,,,,,,,,,,,,,,,,,,,,,,,,,,,,,,,,,,,,,,,,,,,,,,,,,,,,,,,,,,,,,,,,,,,,,,,,,,,,,,,,,,,,,,,,,,,,,,,,,,,,,,,,,,,,,,,,,,,,,,,,,,,,,,,,,,,,,,,,,
E9,0.1140000001,0.116899997,0.1213999987,0.1312000006,0.1456999928,0.1650999933,0.1859000027,0.2137999982,0.2348999977,0.2617999911,0.2978000045,0.3364000022,0.385800004,0.4135999978,0.4460000098,0.4717000127,0.4925000072,0.5195000172,0.5363000035,0.5541999936,0.5710999966,0.5784999728,0.5882999897,0.5988000035,0.6144000292,0.6202999949,0.6176999807,0.6176000237,0.6168000102,0.6147000194,0.6154999733,0.6164000034,0.611100018,0.6083999872,0.606400013,0.6051999927,0.6037999988,0.6024000049,0.6011999846,0.5985000134,0.5965999961,0.5957000256,0.5934000015,0.5921999812,0.590200007,0.5885000229,0.5856999755,0.584800005,0.5835999846,0.5800999999,0.578700006,0.5770000219,,,,,,,,,,,,,,,,,,,,,,,,,,,,,,,,,,,,,,,,,,,,,,,,,,,,,,,,,,,,,,,,,,,,,,,,,,,,,,,,,,,,,,,,,,,,,,,,,,,,,,,,,,,,,,,,,,,,,,,,,,,,,,,,,,,,,,,,,,,,,,,,,,,,
E10,0.1204999983,0.1243000031,0.1296000034,0.1380999982,0.1536999941,0.172999993,0.197300002,0.2247000039,0.2431000024,0.2752999961,0.3059000075,0.3454999924,0.3849999905,0.4183000028,0.4395000041,0.459800005,0.4765999913,0.4894999862,0.503099978,0.5189999938,0.5322999954,0.5447999835,0.5526999831,0.5608999729,0.5656999946,0.5713000298,0.574000001,0.5806999803,0.5820000172,0.5859000087,0.5885000229,0.5910999775,0.6021000147,0.5990999937,0.6062999964,0.61650002,0.6215999722,0.6248000264,0.6243000031,0.6252999902,0.6261000037,0.6238999963,0.6230000257,0.6225000024,0.621999979,0.6205999851,0.6177999973,0.6187000275,0.6158000231,0.6133999825,0.6129000187,0.611899972,,,,,,,,,,,,,,,,,,,,,,,,,,,,,,,,,,,,,,,,,,,,,,,,,,,,,,,,,,,,,,,,,,,,,,,,,,,,,,,,,,,,,,,,,,,,,,,,,,,,,,,,,,,,,,,,,,,,,,,,,,,,,,,,,,,,,,,,,,,,,,,,,,,,
E11,0.1177000031,0.1208999977,0.1278000027,0.136800006,0.1518000066,0.1714999974,0.1949000061,0.2228000015,0.2434999943,0.2759999931,0.3133000135,0.3531999886,0.3962000012,0.4311999977,0.4605999887,0.4898000062,0.516200006,0.5422999859,0.5608000159,0.578700006,0.5922999978,0.6049000025,0.6154000163,0.6439999938,0.6401000023,0.6395999789,0.638800025,0.6378999949,0.6384000182,0.6340000033,0.6326000094,0.6323999763,0.6295999885,0.6274999976,0.6244999766,0.6237000227,0.6213999987,0.6202999949,0.6169000268,0.6144000292,0.6126999855,0.6105999947,0.608099997,0.6121000051,0.6054999828,0.6022999883,0.5996999741,0.601000011,0.5965999961,0.5942000151,0.597299993,0.5874000192,,,,,,,,,,,,,,,,,,,,,,,,,,,,,,,,,,,,,,,,,,,,,,,,,,,,,,,,,,,,,,,,,,,,,,,,,,,,,,,,,,,,,,,,,,,,,,,,,,,,,,,,,,,,,,,,,,,,,,,,,,,,,,,,,,,,,,,,,,,,,,,,,,,,
E12,0.1115000024,0.1162,0.1242000014,0.135800004,0.1529999971,0.1755000055,0.2008000016,0.2284999937,0.2477000058,0.2754000127,0.3091000021,0.3515000045,0.3943000138,0.4318000078,0.4627999961,0.4950000048,0.5217999816,0.5472000241,0.5665000081,0.5828999877,0.5964999795,0.6065999866,0.619599998,0.636500001,0.641200006,0.641200006,0.6394000053,0.638899982,0.6363000274,0.6338999867,0.6316000223,0.6292999983,0.6269000173,0.6245999932,0.6209999919,0.6194999814,0.61650002,0.6152999997,0.6116999984,0.6090000272,0.6071000099,0.6039999723,0.6014000177,0.5982000232,0.5961999893,0.5942999721,0.5907999873,0.5885000229,0.5853000283,0.5820999742,0.5789999962,0.5758000016,,,,,,,,,,,,,,,,,,,,,,,,,,,,,,,,,,,,,,,,,,,,,,,,,,,,,,,,,,,,,,,,,,,,,,,,,,,,,,,,,,,,,,,,,,,,,,,,,,,,,,,,,,,,,,,,,,,,,,,,,,,,,,,,,,,,,,,,,,,,,,,,,,,,
F1,0.1270000041,0.1307000071,0.1389999986,0.1479000002,0.1607999951,0.172299996,0.1988999993,0.2173999995,0.2372000068,0.2545000017,0.279700011,0.3080999851,0.3420999944,0.3779000044,0.4126999974,0.4379999936,0.4539999962,0.4665000141,0.4754999876,0.4824000001,0.4871999919,0.4936000109,0.4963999987,0.5012000203,0.5040000081,0.5090000033,0.5112000108,0.5164999962,0.5194000006,0.527700007,0.5363000035,0.5407000184,0.5418000221,0.5403000116,0.5382999778,0.5376999974,0.5358999968,0.534799993,0.5335000157,0.532400012,0.5317999721,0.5303000212,0.5289000273,0.5289000273,0.5289000273,0.5274000168,0.5253000259,0.5242999792,0.5212000012,0.5196999907,0.5177000165,0.5166000128,,,,,,,,,,,,,,,,,,,,,,,,,,,,,,,,,,,,,,,,,,,,,,,,,,,,,,,,,,,,,,,,,,,,,,,,,,,,,,,,,,,,,,,,,,,,,,,,,,,,,,,,,,,,,,,,,,,,,,,,,,,,,,,,,,,,,,,,,,,,,,,,,,,,
F2,0.1114000008,0.1143999994,0.1203000024,0.1288000047,0.1421000063,0.1598999947,0.1805000007,0.2022999972,0.2243999988,0.2469999939,0.2730999887,0.3028999865,0.337199986,0.3702000082,0.4072000086,0.4336000085,0.4505000114,0.4648000002,0.472600013,0.4801999927,0.4853000045,0.4912999868,0.4981999993,0.5015000105,0.5041000247,0.5099999905,0.5120000243,0.5173000097,0.5182999969,0.5214999914,0.5236999989,0.5310999751,0.5421000123,0.5454999804,0.5483999848,0.546299994,0.5451999903,0.5440000296,0.5425999761,0.5458999872,0.5414999723,0.5406000018,0.5386000276,0.5396000147,0.538500011,0.5414000154,0.5363000035,0.5379999876,0.5376999974,0.5357999802,0.5360000134,0.537800014,,,,,,,,,,,,,,,,,,,,,,,,,,,,,,,,,,,,,,,,,,,,,,,,,,,,,,,,,,,,,,,,,,,,,,,,,,,,,,,,,,,,,,,,,,,,,,,,,,,,,,,,,,,,,,,,,,,,,,,,,,,,,,,,,,,,,,,,,,,,,,,,,,,,
F3,0.1247999966,0.127700001,0.132100001,0.1416999996,0.1545999944,0.1711000055,0.1916999966,0.2126999944,0.2349999994,0.256099999,0.2827000022,0.3147999942,0.3497000039,0.3892999887,0.4282999933,0.4507000148,0.4659000039,0.4774999917,0.4862000048,0.4941000044,0.4995000064,0.5055000186,0.5085999966,0.5141000152,0.5174999833,0.5220000148,0.524699986,0.5296999812,0.5318999887,0.5351999998,0.5404000282,0.5425000191,0.550999999,0.5587000251,0.5616000295,0.5651000142,0.5659999847,0.5638999939,0.5623999834,0.5615000129,0.5609999895,0.5598999858,0.5590000153,0.5587999821,0.5573999882,0.5559999943,0.5554999709,0.5558999777,0.554099977,0.5551999807,0.5543000102,0.554099977,,,,,,,,,,,,,,,,,,,,,,,,,,,,,,,,,,,,,,,,,,,,,,,,,,,,,,,,,,,,,,,,,,,,,,,,,,,,,,,,,,,,,,,,,,,,,,,,,,,,,,,,,,,,,,,,,,,,,,,,,,,,,,,,,,,,,,,,,,,,,,,,,,,,
F4,0.1247000024,0.1347000003,0.1386999935,0.150000006,0.1603000015,0.1750999987,0.1924999952,0.2150000036,0.2427999973,0.2648999989,0.288199991,0.3165999949,0.3569999933,0.3950999975,0.4322000146,0.4519999921,0.4654000103,0.4767999947,0.4857000113,0.4930999875,0.4986000061,0.5062000155,0.5083000064,0.5148000121,0.5178999901,0.5245000124,0.5252000093,0.5307999849,0.5336999893,0.5363000035,0.5396000147,0.5447000265,0.5461999774,0.548699975,0.5568000078,0.5667999983,0.5684999824,0.5699999928,0.5690000057,0.567900002,0.5672000051,0.5663999915,0.5662999749,0.564800024,0.5641999841,0.5633999705,0.5634999871,0.5654000044,0.5626000166,0.560100019,0.5590999722,0.5591999888,,,,,,,,,,,,,,,,,,,,,,,,,,,,,,,,,,,,,,,,,,,,,,,,,,,,,,,,,,,,,,,,,,,,,,,,,,,,,,,,,,,,,,,,,,,,,,,,,,,,,,,,,,,,,,,,,,,,,,,,,,,,,,,,,,,,,,,,,,,,,,,,,,,,
F5,0.1199000031,0.1240999997,0.1289000064,0.1370999962,0.1510999948,0.1683000028,0.1904000044,0.2118999958,0.233099997,0.2576999962,0.2863999903,0.3204999864,0.3582000136,0.3998000026,0.4163999856,0.4304000139,0.4451000094,0.4550000131,0.4596000016,0.469599992,0.4718999863,0.4781999886,0.4817999899,0.4866000116,0.4927999973,0.4957999885,0.4997999966,0.5048999786,0.506099999,0.5124999881,0.5099999905,0.5142999887,0.5202000141,0.5264999866,0.5325999856,0.5321000218,0.5371000171,0.530099988,0.5303999782,0.5297999978,0.5263000131,0.5271000266,0.5264000297,0.5259000063,0.5242000222,0.5236999989,0.5217999816,0.522300005,0.5217999816,0.5220000148,0.5220999718,0.5212000012,,,,,,,,,,,,,,,,,,,,,,,,,,,,,,,,,,,,,,,,,,,,,,,,,,,,,,,,,,,,,,,,,,,,,,,,,,,,,,,,,,,,,,,,,,,,,,,,,,,,,,,,,,,,,,,,,,,,,,,,,,,,,,,,,,,,,,,,,,,,,,,,,,,,
F6,0.1137000024,0.1176000014,0.1247000024,0.1360999942,0.1499000043,0.1699000001,0.1925999969,0.215200007,0.2363000065,0.2590000033,0.2869000137,0.3217999935,0.360799998,0.3986999989,0.4239000082,0.4401000142,0.4512000084,0.4616000056,0.4672999978,0.4772000015,0.4805000126,0.486499995,0.4936999977,0.4963000119,0.4990999997,0.5056999922,0.5087000132,0.5130000114,0.5156999826,0.519299984,0.5267999768,0.5332999825,0.5368999839,0.537800014,0.5361999869,0.537899971,0.5371000171,0.5350000262,0.5340999961,0.5335000157,0.5342000127,0.5340999961,0.5321000218,0.5321000218,0.5321999788,0.530099988,0.5291000009,0.5320000052,0.5295000076,0.5292000175,0.5314999819,0.5274999738,,,,,,,,,,,,,,,,,,,,,,,,,,,,,,,,,,,,,,,,,,,,,,,,,,,,,,,,,,,,,,,,,,,,,,,,,,,,,,,,,,,,,,,,,,,,,,,,,,,,,,,,,,,,,,,,,,,,,,,,,,,,,,,,,,,,,,,,,,,,,,,,,,,,
F7,0.115199998,0.1185000017,0.1256999969,0.1356000006,0.1504999995,0.170599997,0.1922000051,0.2161999941,0.2372999936,0.2599999905,0.2992999852,0.3267999887,0.3634000123,0.4018000066,0.4262999892,0.4465999901,0.4575999975,0.4690000117,0.4785999954,0.4882999957,0.4959999919,0.5036000013,0.5109999776,0.5264000297,0.5346000195,0.5407999754,0.5429999828,0.5457999706,0.5478000045,0.5490000248,0.5651000142,0.5527999997,0.5541999936,0.5703999996,0.5562999845,0.5590000153,0.5605000257,0.5619999766,0.5623000264,0.5619999766,0.5637000203,0.5643000007,0.565500021,0.5802999735,0.5688999891,0.5778999925,0.5698999763,0.5928000212,0.5852000117,0.5878999829,0.591899991,0.5924000144,,,,,,,,,,,,,,,,,,,,,,,,,,,,,,,,,,,,,,,,,,,,,,,,,,,,,,,,,,,,,,,,,,,,,,,,,,,,,,,,,,,,,,,,,,,,,,,,,,,,,,,,,,,,,,,,,,,,,,,,,,,,,,,,,,,,,,,,,,,,,,,,,,,,
F8,0.1296000034,0.1325999945,0.1404999942,0.1492999941,0.1618999988,0.1836999953,0.2029000074,0.2250999957,0.2437999994,0.2653000057,0.2953999937,0.3282999992,0.3664000034,0.4013000131,0.4165000021,0.4309000075,0.4401000142,0.448300004,0.4553999901,0.4607999921,0.4663000107,0.4711999893,0.4747999907,0.4785999954,0.4808999896,0.4855000079,0.4875999987,0.4907999933,0.4930000007,0.4961999953,0.4973999858,0.4999000132,0.5062999725,0.5120000243,0.513899982,0.5163000226,0.5152000189,0.5163999796,0.513800025,0.5133000016,0.5123000145,0.5130000114,0.5117999911,0.5117999911,0.5112000108,0.5105999708,0.5088000298,0.5095000267,0.5072000027,0.5062000155,0.5055000186,0.5049999952,,,,,,,,,,,,,,,,,,,,,,,,,,,,,,,,,,,,,,,,,,,,,,,,,,,,,,,,,,,,,,,,,,,,,,,,,,,,,,,,,,,,,,,,,,,,,,,,,,,,,,,,,,,,,,,,,,,,,,,,,,,,,,,,,,,,,,,,,,,,,,,,,,,,
F9,0.1231999993,0.1342999935,0.1289000064,0.1500999928,0.1860000044,0.1770000011,0.1991000026,0.2210000008,0.239199996,0.2633999884,0.2996000051,0.3301999867,0.3680000007,0.3934000134,0.4093999863,0.4196000099,0.4291000068,0.4395000041,0.4490999877,0.4548000097,0.4623000026,0.4686999917,0.474999994,0.4781000018,0.4817999899,0.4871999919,0.4921000004,0.4963000119,0.4979999959,0.5004000068,0.5062000155,0.5123999715,0.5174000263,0.5184999704,0.5177000165,0.5170999765,0.5163000226,0.5159000158,0.5146999955,0.5149000287,0.5155000091,0.5156000257,0.5134000182,0.5134999752,0.5146999955,0.513199985,0.5099999905,0.5103999972,0.511500001,0.5091999769,0.5098999739,0.5088000298,,,,,,,,,,,,,,,,,,,,,,,,,,,,,,,,,,,,,,,,,,,,,,,,,,,,,,,,,,,,,,,,,,,,,,,,,,,,,,,,,,,,,,,,,,,,,,,,,,,,,,,,,,,,,,,,,,,,,,,,,,,,,,,,,,,,,,,,,,,,,,,,,,,,
F10,0.119599998,0.1228,0.1283999979,0.143900007,0.1518000066,0.1735000014,0.1999000013,0.2260999978,0.2443999946,0.2734000087,0.3093999922,0.3495999873,0.3952000141,0.4259000123,0.4575000107,0.4826000035,0.5160999894,0.5406000018,0.554799974,0.5748000145,0.58950001,0.5992000103,0.6126999855,0.6301000118,0.635800004,0.6399999857,0.6396999955,0.6376000047,0.6420000196,0.6362000108,0.6356999874,0.6340000033,0.6333000064,0.6305000186,0.6320999861,0.6261000037,0.6237000227,0.6283000112,0.6238999963,0.6238999963,0.6230999827,0.6175000072,0.6155999899,0.6146000028,0.618900001,0.61650002,0.6132000089,0.6082000136,0.6068000197,0.6078000069,0.6042000055,0.5976999998,,,,,,,,,,,,,,,,,,,,,,,,,,,,,,,,,,,,,,,,,,,,,,,,,,,,,,,,,,,,,,,,,,,,,,,,,,,,,,,,,,,,,,,,,,,,,,,,,,,,,,,,,,,,,,,,,,,,,,,,,,,,,,,,,,,,,,,,,,,,,,,,,,,,
F11,0.1143999994,0.1185000017,0.1247999966,0.1338,0.1481000036,0.1670999974,0.1909999996,0.2166000009,0.2373999953,0.2718999982,0.3050999939,0.3476999998,0.3917999864,0.4203999937,0.4501000047,0.4774999917,0.5020999908,0.5264000297,0.5476999879,0.5647000074,0.5792000294,0.591899991,0.5992000103,0.6169000268,0.6231999993,0.628099978,0.6241999865,0.6220999956,0.6220999956,0.619599998,0.6183000207,0.6166999936,0.613499999,0.6086000204,0.6086999774,0.6074000001,0.6032999754,0.6025000215,0.5983999968,0.5964000225,0.5953999758,0.5928999782,0.5896000266,0.5866000056,0.5853000283,0.5831000209,0.5789999962,0.5745000243,0.5745999813,0.5706999898,0.5677999854,0.5644999743,,,,,,,,,,,,,,,,,,,,,,,,,,,,,,,,,,,,,,,,,,,,,,,,,,,,,,,,,,,,,,,,,,,,,,,,,,,,,,,,,,,,,,,,,,,,,,,,,,,,,,,,,,,,,,,,,,,,,,,,,,,,,,,,,,,,,,,,,,,,,,,,,,,,
F12,0.1143999994,0.119599998,0.1272999942,0.1393000036,0.1559000015,0.1787,0.2039999962,0.2308000028,0.2484000027,0.2752999961,0.3116999865,0.3540999889,0.3977000117,0.4341999888,0.4650999904,0.497299999,0.5245000124,0.5487999916,0.5680999756,0.5853000283,0.5983999968,0.6082000136,0.6212000251,0.6392999887,0.6428999901,0.6434000134,0.6420000196,0.6405000091,0.6395999789,0.6366999745,0.6338999867,0.6315000057,0.6298000216,0.6272000074,0.6231999993,0.6213999987,0.6197000146,0.6166999936,0.6136999726,0.6105999947,0.6090000272,0.6067000031,0.603399992,0.6008999944,0.5985999703,0.5954999924,0.5920000076,0.5903999805,0.5874999762,0.5838999748,0.5816000104,0.5777000189,,,,,,,,,,,,,,,,,,,,,,,,,,,,,,,,,,,,,,,,,,,,,,,,,,,,,,,,,,,,,,,,,,,,,,,,,,,,,,,,,,,,,,,,,,,,,,,,,,,,,,,,,,,,,,,,,,,,,,,,,,,,,,,,,,,,,,,,,,,,,,,,,,,,
G1,0.1089000031,0.1128000021,0.1181999967,0.1257999986,0.1383000016,0.1548999995,0.1730999947,0.1933999956,0.2143999934,0.2363000065,0.2606000006,0.2910000086,0.3244999945,0.358099997,0.3944999874,0.4203999937,0.4381999969,0.4507000148,0.4609000087,0.4677999914,0.4718999863,0.478399992,0.4830000103,0.4871000051,0.4893000126,0.4950000048,0.4981999993,0.502300024,0.5067999959,0.5116999745,0.5210999846,0.5274000168,0.5299000144,0.5299000144,0.5281000137,0.5267000198,0.5253000259,0.5235999823,0.5220000148,0.5213000178,0.5235999823,0.5196999907,0.5184000134,0.5203999877,0.5202000141,0.5187000036,0.5156000257,0.5156000257,0.5134999752,0.5119000077,0.5097000003,0.5081999898,,,,,,,,,,,,,,,,,,,,,,,,,,,,,,,,,,,,,,,,,,,,,,,,,,,,,,,,,,,,,,,,,,,,,,,,,,,,,,,,,,,,,,,,,,,,,,,,,,,,,,,,,,,,,,,,,,,,,,,,,,,,,,,,,,,,,,,,,,,,,,,,,,,,
G2,0.1114000008,0.1193000004,0.1191999987,0.1307999939,0.1381999999,0.1528999954,0.1715999991,0.1916999966,0.2145999968,0.2344000041,0.2597000003,0.2872999907,0.3226000071,0.3585999906,0.3930000067,0.4171000123,0.4323000014,0.4444999993,0.4551999867,0.4611999989,0.4670999944,0.472299993,0.4785000086,0.4819000065,0.4875000119,0.4916999936,0.4963999987,0.4997999966,0.5037000179,0.5106999874,0.5195000172,0.5263000131,0.5281000137,0.5281999707,0.5260999799,0.5317999721,0.5242999792,0.5274999738,0.5231999755,0.522300005,0.5249999762,0.5206000209,0.5191000104,0.5199999809,0.5195000172,0.5194000006,0.5163000226,0.5160999894,0.5148000121,0.5126000047,0.510800004,0.5095000267,,,,,,,,,,,,,,,,,,,,,,,,,,,,,,,,,,,,,,,,,,,,,,,,,,,,,,,,,,,,,,,,,,,,,,,,,,,,,,,,,,,,,,,,,,,,,,,,,,,,,,,,,,,,,,,,,,,,,,,,,,,,,,,,,,,,,,,,,,,,,,,,,,,,
G3,0.1150000021,0.1184,0.1291999966,0.1379999965,0.141200006,0.1564999968,0.1791000068,0.1981000006,0.2213000059,0.2460999936,0.2694999874,0.3014000058,0.3357000053,0.3716999888,0.404700011,0.4174999893,0.432099998,0.4453000128,0.4551999867,0.462199986,0.467900008,0.4720000029,0.4787999988,0.4828000069,0.4918000102,0.4947000146,0.4977000058,0.5024999976,0.5103999972,0.5128999949,0.5184000134,0.5170000196,0.5252000093,0.5339000225,0.5400000215,0.540899992,0.5392000079,0.5382999778,0.5368000269,0.5392000079,0.5396999717,0.5371999741,0.5382000208,0.5368999839,0.5365999937,0.5360000134,0.5364000201,0.5360000134,0.5360999703,0.5351999998,0.5375999808,0.5400000215,,,,,,,,,,,,,,,,,,,,,,,,,,,,,,,,,,,,,,,,,,,,,,,,,,,,,,,,,,,,,,,,,,,,,,,,,,,,,,,,,,,,,,,,,,,,,,,,,,,,,,,,,,,,,,,,,,,,,,,,,,,,,,,,,,,,,,,,,,,,,,,,,,,,
G4,0.1136000007,0.116899997,0.1229000017,0.130400002,0.1465000063,0.1650999933,0.1798000038,0.2021999955,0.2228000015,0.2465000004,0.2737999856,0.3041999936,0.3382999897,0.3786000013,0.4119000137,0.4269999862,0.4395999908,0.4505999982,0.4593999982,0.4657999873,0.4738000035,0.4785000086,0.4826000035,0.4880999923,0.4921000004,0.4968999922,0.4997000098,0.5038999915,0.5074999928,0.5103999972,0.5141999722,0.5163000226,0.5225999951,0.5322999954,0.5376999974,0.5403000116,0.5399000049,0.5382999778,0.537800014,0.5381000042,0.5376999974,0.5368999839,0.5365999937,0.5356000066,0.5356000066,0.5342000127,0.5329999924,0.5332000256,0.5321999788,0.5306000113,0.5299999714,0.5292000175,,,,,,,,,,,,,,,,,,,,,,,,,,,,,,,,,,,,,,,,,,,,,,,,,,,,,,,,,,,,,,,,,,,,,,,,,,,,,,,,,,,,,,,,,,,,,,,,,,,,,,,,,,,,,,,,,,,,,,,,,,,,,,,,,,,,,,,,,,,,,,,,,,,,
G5,0.125,0.1243000031,0.131099999,0.136500001,0.148300007,0.1635999978,0.1827999949,0.201000005,0.2231000066,0.2451999933,0.2748000026,0.3109999895,0.3393999934,0.3745999932,0.3952000141,0.41080001,0.4250000119,0.4320000112,0.4347000122,0.4419000149,0.4478000104,0.4519000053,0.457100004,0.4611000121,0.4638999999,0.4681999981,0.4726999998,0.4745000005,0.4792999923,0.4797999859,0.4887000024,0.4930000007,0.4957000017,0.4950000048,0.4930000007,0.4925000072,0.491899997,0.4930999875,0.4902999997,0.4900999963,0.4893000126,0.4878999889,0.4900000095,0.4902000129,0.4925999939,0.4943000078,0.493900001,0.4995000064,0.5012000203,0.5026000142,0.5048000216,0.5062999725,,,,,,,,,,,,,,,,,,,,,,,,,,,,,,,,,,,,,,,,,,,,,,,,,,,,,,,,,,,,,,,,,,,,,,,,,,,,,,,,,,,,,,,,,,,,,,,,,,,,,,,,,,,,,,,,,,,,,,,,,,,,,,,,,,,,,,,,,,,,,,,,,,,,
G6,0.1204999983,0.1253000051,0.1316999942,0.1380999982,0.1520999968,0.1696999967,0.189199999,0.2143999934,0.2325000018,0.2581999898,0.2876999974,0.324000001,0.3562000096,0.3907000124,0.4156000018,0.4296999872,0.4374000132,0.4478999972,0.4609000087,0.4663999975,0.47330001,0.4769000113,0.4823000133,0.489199996,0.4923000038,0.5008000135,0.5019999743,0.5066000223,0.5112000108,0.5156000257,0.5254999995,0.5302000046,0.5329999924,0.5332000256,0.5313000083,0.5351999998,0.5299999714,0.5311999917,0.529399991,0.5303999782,0.5296999812,0.529399991,0.5289999843,0.530099988,0.5296999812,0.5278999805,0.5271999836,0.5285999775,0.5278000236,0.5271000266,0.5292999744,0.5275999904,,,,,,,,,,,,,,,,,,,,,,,,,,,,,,,,,,,,,,,,,,,,,,,,,,,,,,,,,,,,,,,,,,,,,,,,,,,,,,,,,,,,,,,,,,,,,,,,,,,,,,,,,,,,,,,,,,,,,,,,,,,,,,,,,,,,,,,,,,,,,,,,,,,,
G7,0.115699999,0.1182999983,0.1259000003,0.1404999942,0.1720000058,0.1738000065,0.1969999969,0.2132000029,0.2328000069,0.2590999901,0.2949000001,0.3316999972,0.3736999929,0.4110000134,0.4408000112,0.470299989,0.4975999892,0.5228000283,0.5450999737,0.5619000196,0.5770000219,0.5863000154,0.6053000093,0.6211000085,0.6256999969,0.6247000098,0.6231999993,0.6205000281,0.6190000176,0.6168000102,0.6152999997,0.6129000187,0.6129000187,0.6083999872,0.6055999994,0.6018000245,0.5988000035,0.5974000096,0.594900012,0.5935000181,0.590200007,0.5886999965,0.5856000185,0.5834000111,0.5825999975,0.579400003,0.5758000016,0.5744000077,0.5726000071,0.5683000088,0.5669000149,0.5623000264,,,,,,,,,,,,,,,,,,,,,,,,,,,,,,,,,,,,,,,,,,,,,,,,,,,,,,,,,,,,,,,,,,,,,,,,,,,,,,,,,,,,,,,,,,,,,,,,,,,,,,,,,,,,,,,,,,,,,,,,,,,,,,,,,,,,,,,,,,,,,,,,,,,,
G8,0.123300001,0.1283999979,0.1315000057,0.1387999952,0.1526000053,0.1699000001,0.1988999993,0.2146999985,0.2342000008,0.2614000142,0.2960999906,0.3330000043,0.3759999871,0.413199991,0.4431000054,0.4720999897,0.5002999902,0.5252000093,0.5468000174,0.5626999736,0.5752000213,0.5853000283,0.5982999802,0.6151999831,0.6187999845,0.6179000139,0.6169999838,0.6144999862,0.6123999953,0.6098999977,0.6071000099,0.6050000191,0.6021000147,0.6008999944,0.5970000029,0.594900012,0.5928000212,0.5893999934,0.5875999928,0.5846999884,0.5828999877,0.5798000097,0.5769000053,0.5746999979,0.5724999905,0.5697000027,0.565599978,0.5643000007,0.5604000092,0.5576999784,0.5550000072,0.550999999,,,,,,,,,,,,,,,,,,,,,,,,,,,,,,,,,,,,,,,,,,,,,,,,,,,,,,,,,,,,,,,,,,,,,,,,,,,,,,,,,,,,,,,,,,,,,,,,,,,,,,,,,,,,,,,,,,,,,,,,,,,,,,,,,,,,,,,,,,,,,,,,,,,,
G9,0.1291999966,0.128700003,0.1344999969,0.1422999948,0.1571000069,0.1745000035,0.1951999962,0.2275999933,0.2453999966,0.2718000114,0.3041000068,0.3391000032,0.3792000115,0.4140999913,0.4426000118,0.4700999856,0.4961000085,0.5212000012,0.5428000093,0.5605000257,0.5751000047,0.5863000154,0.5995000005,0.6151999831,0.6208999753,0.6212999821,0.6204000115,0.6197000146,0.6171000004,0.6151000261,0.6136000156,0.6104000211,0.6075000167,0.605799973,0.6025000215,0.6000999808,0.5968999863,0.5940999985,0.5921999812,0.5893999934,0.5888000131,0.5856000185,0.5820999742,0.5791000128,0.5770000219,0.5748999715,0.5705999732,0.5695999861,0.5661000013,0.5631999969,0.5605999827,0.5569999814,,,,,,,,,,,,,,,,,,,,,,,,,,,,,,,,,,,,,,,,,,,,,,,,,,,,,,,,,,,,,,,,,,,,,,,,,,,,,,,,,,,,,,,,,,,,,,,,,,,,,,,,,,,,,,,,,,,,,,,,,,,,,,,,,,,,,,,,,,,,,,,,,,,,
G10,0.1167000011,0.1198000014,0.1251000017,0.1336999983,0.147300005,0.1680999994,0.189199999,0.2176000029,0.235799998,0.2649999857,0.298999995,0.3373000026,0.3759000003,0.4099000096,0.4384000003,0.4630999863,0.4867999852,0.5119000077,0.5311999917,0.5511000156,0.5659999847,0.5764999986,0.5863999724,0.6001999974,0.6129000187,0.6151000261,0.6151000261,0.6125000119,0.611100018,0.6085000038,0.606400013,0.6036999822,0.6014999747,0.5985000134,0.5952000022,0.5917999744,0.5899000168,0.5853000283,0.5831000209,0.5809000134,0.5781999826,0.5752000213,0.5720999837,0.5694000125,0.5662000179,0.5622000098,0.5588999987,0.5565000176,0.5522000194,0.5483000278,0.5460000038,0.5410000086,,,,,,,,,,,,,,,,,,,,,,,,,,,,,,,,,,,,,,,,,,,,,,,,,,,,,,,,,,,,,,,,,,,,,,,,,,,,,,,,,,,,,,,,,,,,,,,,,,,,,,,,,,,,,,,,,,,,,,,,,,,,,,,,,,,,,,,,,,,,,,,,,,,,
G11,0.1066000015,0.1106999964,0.1187999994,0.1269000024,0.1427000016,0.1614000052,0.1835999936,0.2109999955,0.2311999947,0.258100003,0.288500011,0.3257000148,0.3670000136,0.3890999854,0.4081999958,0.4208999872,0.4343999922,0.4433999956,0.4528000057,0.4616000056,0.4690000117,0.4751000106,0.4819999933,0.4889000058,0.4963999987,0.4986999929,0.5037999749,0.5109000206,0.5191000104,0.5234000087,0.5241000056,0.5242000222,0.5245000124,0.5242000222,0.5228999853,0.5227000117,0.5235000253,0.5235999823,0.5232999921,0.5228999853,0.5231000185,0.523999989,0.5231999755,0.5231999755,0.523999989,0.5235999823,0.5231999755,0.524600029,0.5242999792,0.5236999989,0.523999989,0.5238999724,,,,,,,,,,,,,,,,,,,,,,,,,,,,,,,,,,,,,,,,,,,,,,,,,,,,,,,,,,,,,,,,,,,,,,,,,,,,,,,,,,,,,,,,,,,,,,,,,,,,,,,,,,,,,,,,,,,,,,,,,,,,,,,,,,,,,,,,,,,,,,,,,,,,
G12,0.1039000005,0.1041999981,0.1040000021,0.1039000005,0.1044000015,0.1040000021,0.1040000021,0.1039000005,0.1040999964,0.1037999988,0.1037999988,0.1045999974,0.1054000035,0.1053000018,0.1048000008,0.1041999981,0.1045999974,0.1041999981,0.1042999998,0.1045999974,0.1041999981,0.1042999998,0.1041999981,0.1044000015,0.1041999981,0.1040999964,0.1045000032,0.1041999981,0.1048000008,0.1045000032,0.1044000015,0.1049999967,0.1049999967,0.1050999984,0.1046999991,0.1048000008,0.1048000008,0.1050999984,0.1049000025,0.1050999984,0.1053000018,0.1052000001,0.1053000018,0.1054999977,0.1057000011,0.1052000001,0.1045999974,0.1054000035,0.1050999984,0.1052000001,0.1054000035,0.1054999977,,,,,,,,,,,,,,,,,,,,,,,,,,,,,,,,,,,,,,,,,,,,,,,,,,,,,,,,,,,,,,,,,,,,,,,,,,,,,,,,,,,,,,,,,,,,,,,,,,,,,,,,,,,,,,,,,,,,,,,,,,,,,,,,,,,,,,,,,,,,,,,,,,,,
H1,0.1334999949,0.136500001,0.1427000016,0.1507000029,0.1648000032,0.184799999,0.2079000026,0.2299000025,0.2481999993,0.2716999948,0.2946000099,0.3345000148,0.3783000112,0.4313000143,0.4521000087,0.4778999984,0.5228000283,0.5404999852,0.5903000236,0.5874999762,0.618900001,0.6151999831,0.6481000185,0.6546000242,0.6710000038,0.6582000256,0.6595000029,0.6549000144,0.6503000259,0.6506999731,0.6474999785,0.6449999809,0.6406000257,0.6366000175,0.6367999911,0.6359999776,0.6317999959,0.6292999983,0.6236000061,0.6205999851,0.6197000146,0.6248000264,0.6241000295,0.6316999793,0.6164000034,0.6133999825,0.611899972,0.6083999872,0.6035000086,0.6014999747,0.6230999827,0.6107000113,,,,,,,,,,,,,,,,,,,,,,,,,,,,,,,,,,,,,,,,,,,,,,,,,,,,,,,,,,,,,,,,,,,,,,,,,,,,,,,,,,,,,,,,,,,,,,,,,,,,,,,,,,,,,,,,,,,,,,,,,,,,,,,,,,,,,,,,,,,,,,,,,,,,
H2,0.1174999997,0.1202000007,0.1254999936,0.1370999962,0.1480000019,0.1661999971,0.1807000041,0.2034000009,0.2259999961,0.2495000064,0.2777999938,0.3129999936,0.3477999866,0.3873000145,0.4309000075,0.4580000043,0.4893999994,0.5145000219,0.5346000195,0.5557000041,0.5716999769,0.590200007,0.5968000293,0.6125000119,0.6284999847,0.6378999949,0.6363000274,0.6331999898,0.6320999861,0.6290000081,0.6277999878,0.6225000024,0.6211000085,0.6143000126,0.6114000082,0.6101999879,0.6072000265,0.6032000184,0.5952000022,0.5917999744,0.5924999714,0.5906999707,0.5846999884,0.5835000277,0.575699985,0.5723999739,0.570200026,0.5640000105,0.5605000257,0.5598000288,0.5525000095,0.5490999818,,,,,,,,,,,,,,,,,,,,,,,,,,,,,,,,,,,,,,,,,,,,,,,,,,,,,,,,,,,,,,,,,,,,,,,,,,,,,,,,,,,,,,,,,,,,,,,,,,,,,,,,,,,,,,,,,,,,,,,,,,,,,,,,,,,,,,,,,,,,,,,,,,,,
H3,0.1172999963,0.118900001,0.1295000017,0.1298000067,0.140200004,0.1600999981,0.177699998,0.1948000044,0.2162999958,0.2379000038,0.266900003,0.2991000116,0.3364000022,0.3738999963,0.4075999856,0.4395999908,0.4632999897,0.4855999947,0.5106999874,0.5307000279,0.5480999947,0.5622000098,0.575699985,0.5802000165,0.5940999985,0.6083999872,0.6128000021,0.6161999702,0.6108999848,0.6090000272,0.6047999859,0.6000000238,0.6000000238,0.594900012,0.5906999707,0.5879999995,0.5830000043,0.5799000263,0.5753999949,0.5716999769,0.5687000155,0.5626999736,0.5616999865,0.5590999722,0.5580000281,0.5512999892,0.5483000278,0.543299973,0.5406000018,0.5320000052,0.5278000236,0.5267000198,,,,,,,,,,,,,,,,,,,,,,,,,,,,,,,,,,,,,,,,,,,,,,,,,,,,,,,,,,,,,,,,,,,,,,,,,,,,,,,,,,,,,,,,,,,,,,,,,,,,,,,,,,,,,,,,,,,,,,,,,,,,,,,,,,,,,,,,,,,,,,,,,,,,
H4,0.123999998,0.1229000017,0.1350000054,0.1586000025,0.150000006,0.1568000019,0.1805000007,0.2006999999,0.2208999991,0.2545999885,0.274300009,0.306400001,0.3425000012,0.3806000054,0.4212000072,0.4523000121,0.4792000055,0.5088999867,0.5415999889,0.5533000231,0.5701000094,0.5845999718,0.5967000127,0.6107000113,0.6308000088,0.6377999783,0.6403999925,0.6371999979,0.6362000108,0.6326000094,0.6287999749,0.6276000142,0.6222000122,0.6183999777,0.6154000163,0.6114000082,0.6015999913,0.5996000171,0.602699995,0.5913000107,0.5889999866,0.5896999836,0.5827000141,0.5845000148,0.5745999813,0.5701000094,0.565599978,0.5627999902,0.5590999722,0.5558000207,0.5515000224,0.549399972,,,,,,,,,,,,,,,,,,,,,,,,,,,,,,,,,,,,,,,,,,,,,,,,,,,,,,,,,,,,,,,,,,,,,,,,,,,,,,,,,,,,,,,,,,,,,,,,,,,,,,,,,,,,,,,,,,,,,,,,,,,,,,,,,,,,,,,,,,,,,,,,,,,,
H5,0.1351999938,0.1386000067,0.1430999935,0.1492999941,0.1622000039,0.186499998,0.1975000054,0.2277999967,0.2446999997,0.2707999945,0.3018000126,0.3323999941,0.3756999969,0.412800014,0.4462000132,0.4688999951,0.4952000082,0.5164999962,0.543900013,0.5623000264,0.5770000219,0.5909000039,0.601000011,0.6187000275,0.6236000061,0.6230000257,0.6255000234,0.6208000183,0.6205000281,0.6147000194,0.6115999818,0.6090000272,0.6067000031,0.6021000147,0.6001999974,0.5975999832,0.5950999856,0.5927000046,0.590200007,0.5917999744,0.5856000185,0.5837000012,0.5819000006,0.5762000084,0.574000001,0.5701000094,0.5661000013,0.5641999841,0.559499979,0.5568000078,0.554099977,0.5498999953,,,,,,,,,,,,,,,,,,,,,,,,,,,,,,,,,,,,,,,,,,,,,,,,,,,,,,,,,,,,,,,,,,,,,,,,,,,,,,,,,,,,,,,,,,,,,,,,,,,,,,,,,,,,,,,,,,,,,,,,,,,,,,,,,,,,,,,,,,,,,,,,,,,,
H6,0.1265999973,0.1289000064,0.1372999996,0.1455000043,0.1592999995,0.1741999984,0.1967000067,0.2173999995,0.2380000055,0.2644999921,0.2953000069,0.331400007,0.3698000014,0.4065000117,0.4356999993,0.4636000097,0.4893999994,0.5127000213,0.5332000256,0.5514000058,0.5649999976,0.5752999783,0.5835000277,0.6029000282,0.6114000082,0.6103000045,0.6090000272,0.6051999927,0.6021999717,0.5989999771,0.5957999825,0.5928000212,0.5892999768,0.5860000253,0.5821999907,0.578700006,0.5755000114,0.57099998,0.5683000088,0.5640000105,0.5615000129,0.5573999882,0.5537999868,0.5504999757,0.5472999811,0.543299973,0.5388000011,0.5356000066,0.5314999819,0.5273000002,0.5249000192,0.5212000012,,,,,,,,,,,,,,,,,,,,,,,,,,,,,,,,,,,,,,,,,,,,,,,,,,,,,,,,,,,,,,,,,,,,,,,,,,,,,,,,,,,,,,,,,,,,,,,,,,,,,,,,,,,,,,,,,,,,,,,,,,,,,,,,,,,,,,,,,,,,,,,,,,,,
H7,0.114699997,0.1154000014,0.1218999997,0.1361999959,0.1481000036,0.164199993,0.1899999976,0.2155999988,0.2387000024,0.2608999908,0.2951000035,0.3336000144,0.3790999949,0.4153999984,0.445600003,0.4796999991,0.5078999996,0.5329999924,0.5555999875,0.5695000291,0.587100029,0.5957999825,0.6209999919,0.6283000112,0.6287999749,0.6283000112,0.6291999817,0.6255000234,0.6248000264,0.6236000061,0.6205999851,0.6201000214,0.6180999875,0.6176999807,0.6136999726,0.6133999825,0.6114000082,0.6082000136,0.6072999835,0.6037999988,0.6036000252,0.6021000147,0.6028000116,0.5978999734,0.5975000262,0.5939999819,0.5957000256,0.5927000046,0.5885000229,0.587100029,0.5878999829,0.5824999809,,,,,,,,,,,,,,,,,,,,,,,,,,,,,,,,,,,,,,,,,,,,,,,,,,,,,,,,,,,,,,,,,,,,,,,,,,,,,,,,,,,,,,,,,,,,,,,,,,,,,,,,,,,,,,,,,,,,,,,,,,,,,,,,,,,,,,,,,,,,,,,,,,,,
H8,0.115699999,0.121100001,0.1257999986,0.1349000037,0.1476999968,0.167899996,0.1862999946,0.2111999989,0.2289000005,0.2552999854,0.2937000096,0.3301999867,0.3700000048,0.4093999863,0.4417000115,0.4717000127,0.5016000271,0.5306000113,0.5522999763,0.5715000033,0.5867999792,0.600399971,0.6231999993,0.6301000118,0.628099978,0.625,0.6215000153,0.6186000109,0.6151000261,0.6114000082,0.6090999842,0.6046000123,0.6007000208,0.5970000029,0.592599988,0.5896000266,0.5870000124,0.5813000202,0.5788000226,0.5744000077,0.5724999905,0.5703999996,0.565599978,0.5616999865,0.5587999821,0.5544999838,0.5487999916,0.5461999774,0.5433999896,0.537800014,0.5346000195,0.5306000113,,,,,,,,,,,,,,,,,,,,,,,,,,,,,,,,,,,,,,,,,,,,,,,,,,,,,,,,,,,,,,,,,,,,,,,,,,,,,,,,,,,,,,,,,,,,,,,,,,,,,,,,,,,,,,,,,,,,,,,,,,,,,,,,,,,,,,,,,,,,,,,,,,,,
H9,0.1084000021,0.110299997,0.1174999997,0.1263000071,0.138500005,0.1556999981,0.1746000051,0.199000001,0.2205999941,0.2484000027,0.2818999887,0.3230000138,0.3607000113,0.3919999897,0.4196999967,0.4442000091,0.4684999883,0.4900999963,0.5070999861,0.522300005,0.5345000029,0.5428000093,0.5497000217,0.5643000007,0.5719000101,0.5710999966,0.568599999,0.5651000142,0.5620999932,0.5591999888,0.5554999709,0.5514000058,0.5490999818,0.5460000038,0.5414999723,0.537800014,0.5340999961,0.5292999744,0.5264000297,0.5220000148,0.5195000172,0.5145000219,0.5109000206,0.5070999861,0.5034000278,0.4988999963,0.4934000075,0.4916999936,0.4864000082,0.4819999933,0.4781000018,0.4736000001,,,,,,,,,,,,,,,,,,,,,,,,,,,,,,,,,,,,,,,,,,,,,,,,,,,,,,,,,,,,,,,,,,,,,,,,,,,,,,,,,,,,,,,,,,,,,,,,,,,,,,,,,,,,,,,,,,,,,,,,,,,,,,,,,,,,,,,,,,,,,,,,,,,,
H10,0.1177000031,0.1216000021,0.1275999993,0.1374000013,0.1553999931,0.1715999991,0.193599999,0.2224999964,0.2417999953,0.2736999989,0.3133000135,0.3517999947,0.3946999907,0.4302999973,0.4595000148,0.4884000123,0.5156000257,0.5415999889,0.5638999939,0.5839999914,0.5928999782,0.6061000228,0.6223000288,0.6385999918,0.6452000141,0.6374999881,0.6409000158,0.6401000023,0.6413999796,0.638199985,0.6367999911,0.6348000169,0.6330000162,0.6305999756,0.6272000074,0.6258999705,0.6247000098,0.6204000115,0.6205999851,0.6187000275,0.617200017,0.6146000028,0.6136000156,0.6122000217,0.6107000113,0.6067000031,0.6043999791,0.6039999723,0.5999000072,0.5989999771,0.5963000059,0.5910999775,,,,,,,,,,,,,,,,,,,,,,,,,,,,,,,,,,,,,,,,,,,,,,,,,,,,,,,,,,,,,,,,,,,,,,,,,,,,,,,,,,,,,,,,,,,,,,,,,,,,,,,,,,,,,,,,,,,,,,,,,,,,,,,,,,,,,,,,,,,,,,,,,,,,
H11,0.1216999963,0.1208000034,0.1407999992,0.177699998,0.1536999941,0.1879000068,0.197300002,0.2240999937,0.2415000051,0.2757999897,0.3082000017,0.3556999862,0.3887000084,0.4268999994,0.4562000036,0.4860000014,0.5052000284,0.5343999863,0.5483000278,0.570900023,0.5806000233,0.5906000137,0.6011999846,0.6233999729,0.6262999773,0.6277999878,0.6284999847,0.6234999895,0.6215000153,0.6215999722,0.6207000017,0.6137999892,0.617299974,0.6104999781,0.6104000211,0.605799973,0.6021999717,0.6049000025,0.6008999944,0.5950999856,0.5922999978,0.5917999744,0.5866000056,0.5846999884,0.5809000134,0.5820999742,0.5784000158,0.5677000284,0.5724999905,0.5695999861,0.5701000094,0.5598999858,,,,,,,,,,,,,,,,,,,,,,,,,,,,,,,,,,,,,,,,,,,,,,,,,,,,,,,,,,,,,,,,,,,,,,,,,,,,,,,,,,,,,,,,,,,,,,,,,,,,,,,,,,,,,,,,,,,,,,,,,,,,,,,,,,,,,,,,,,,,,,,,,,,,
H12,0.1110000014,0.112999998,0.1080000028,0.1103999987,0.1089000031,0.1093999967,0.1084999964,0.112499997,0.1159000024,0.110299997,0.110799998,0.108099997,0.1124000028,0.1101000011,0.112499997,0.108099997,0.1125999987,0.1112999991,0.1089000031,0.1116999984,0.112999998,0.1137999967,0.1093999967,0.1182999983,0.1093000025,0.1101000011,0.1094999984,0.1128000021,0.1115000024,0.1090999991,0.1123000011,0.1096000001,0.1108999997,0.1089999974,0.1098000035,0.1111000031,0.1099999994,0.1112999991,0.1108999997,0.1106000021,0.1158000007,0.1111000031,0.1106000021,0.1112999991,0.1106999964,0.1114000008,0.1119000018,0.1123000011,0.1111000031,0.1118000001,0.1128000021,0.1121999994,,,,,,,,,,,,,,,,,,,,,,,,,,,,,,,,,,,,,,,,,,,,,,,,,,,,,,,,,,,,,,,,,,,,,,,,,,,,,,,,,,,,,,,,,,,,,,,,,,,,,,,,,,,,,,,,,,,,,,,,,,,,,,,,,,,,,,,,,,,,,,,,,,,,
